Title,Network,Data,Price,Contract Length,Minutes,Texts,Gift,Benefit,Popular,Link
Spusu Mobile SIM Deal,Uses EE's network,5GB,£1.00,1 month contract,unlimited minutes,unlimited texts,N/A,N/A,Popular,/transfer?58216306
Lebara Mobile SIM Deal,Uses Vodafone's network,20GB,£4.00,1 month contract,unlimited minutes,unlimited texts,100 International mins,50% off for 3 months with code SAVE50,Popular,/transfer?58231473
Smarty SIM Deal,Uses Three's network,40GB,£5.00,1 month contract,unlimited minutes,unlimited texts,N/A,N/A,Popular,/transfer?58802942
Three SIM Deal,N/A,12GB,£6.00,12 month contract,unlimited minutes,unlimited texts,Exclusive deal,N/A,Popular,/transfer?58688272
iD Mobile SIM Deal,Uses Three's network,40GB,£7.00,1 month contract,unlimited minutes,unlimited texts,N/A,Data Rollover & Up to 30GB roaming in 50 countries,Popular,/transfer?58045961
Smarty SIM Deal,Uses Three's network,15GB,£7.00,1 month contract,unlimited minutes,unlimited texts,N/A,N/A,Popular,/transfer?45494252
Vodafone SIM Deal,N/A,40GB,£8.00,12 month contract,unlimited minutes,unlimited texts,N/A,N/A,Popular,/transfer?58132860
Three SIM Deal,N/A,30GB,£8.00,12 month contract,unlimited minutes,unlimited texts,Exclusive deal,N/A,Popular,/transfer?52610943
Smarty SIM Deal,Uses Three's network,60GB,£10.00,1 month contract,unlimited minutes,unlimited texts,N/A,N/A,Popular,/transfer?2271431
Three SIM Deal,N/A,60GB,£10.00,12 month contract,unlimited minutes,unlimited texts,N/A,N/A,Popular,/transfer?55971792
Three SIM Deal,N/A,120GB,£12.00,12 month contract,unlimited minutes,unlimited texts,Exclusive deal,N/A,Popular,/transfer?52610942
Vodafone SIM Deal,N/A,150GB,£12.50,24 month contract,unlimited minutes,unlimited texts,N/A,N/A,Popular,/transfer?57707481
Tesco Mobile SIM Deal,Uses O2's network,60GB,£15.00,24 month contract,unlimited minutes,unlimited texts,£13 for Clubcard holders and £20 voucher,EU Roaming,Popular,/transfer?55530617
Smarty SIM Deal,Uses Three's network,Unlimited,£16.00,1 month contract,unlimited minutes,unlimited texts,N/A,N/A,Popular,/transfer?14602728
EE SIM Deal,N/A,25GB,£16.00,24 month contract,unlimited minutes,unlimited texts,N/A,N/A,Popular,/transfer?56415541
Three SIM Deal,N/A,Unlimited,£23.00,12 month contract,unlimited minutes,unlimited texts,Exclusive deal,N/A,Popular,/transfer?52610945
Lebara Mobile SIM Deal,Uses Vodafone's network,5GB,£2.25,12 month contract,1000 minutes,1000 texts,100 International mins,50% off for 3 months with code SAVE50,N/A,/transfer?48742142
Lebara Mobile SIM Deal,Uses Vodafone's network,5GB,£2.50,1 month contract,1000 minutes,1000 texts,100 International mins,50% off for 3 months with code SAVE50,N/A,/transfer?36170200
Spusu Mobile SIM Deal,Uses EE's network,1GB,£2.90,1 month contract,unlimited minutes,unlimited texts,N/A,N/A,N/A,/transfer?58866117
Lebara Mobile SIM Deal,Uses Vodafone's network,10GB,£3.50,1 month contract,unlimited minutes,unlimited texts,100 International mins,50% off for 3 months with code SAVE50,N/A,/transfer?51680266
ASDA Mobile SIM Deal,Uses Vodafone's network,10GB,£4.00,No contract,unlimited minutes,unlimited texts,6 months half price,N/A,N/A,/transfer?56066656
Lebara Mobile SIM Deal,Uses Vodafone's network,30GB,£4.50,1 month contract,unlimited minutes,unlimited texts,100 International mins,50% off for 3 months with code SAVE50,N/A,/transfer?54605368
Lebara Mobile SIM Deal,Uses Vodafone's network,20GB,£4.50,12 month contract,unlimited minutes,unlimited texts,100 International mins,50% off for 3 months with code SAVE50,N/A,/transfer?54605367
Talkmobile SIM Deal,Uses Vodafone's network,5GB,£4.95,1 month contract,unlimited minutes,unlimited texts,N/A,Free EU Roaming,N/A,/transfer?58850048
Lebara Mobile SIM Deal,Uses Vodafone's network,20GB,£5.00,1 month contract,unlimited minutes,unlimited texts,N/A,50% off for 3 months with code SAVE50,N/A,/transfer?54605369
Lebara Mobile SIM Deal,Uses Vodafone's network,20GB,£5.00,1 month contract,unlimited minutes,unlimited texts,100 International mins,50% off for 3 months with code SAVE50,N/A,/transfer?56813589
Smarty SIM Deal,Uses Three's network,5GB,£5.00,1 month contract,unlimited minutes,unlimited texts,N/A,N/A,N/A,/transfer?45494248
ASDA Mobile SIM Deal,Uses Vodafone's network,3GB,£5.00,No contract,unlimited minutes,unlimited texts,N/A,N/A,N/A,/transfer?50787032
Three SIM Deal,N/A,3GB,£5.00,12 month contract,unlimited minutes,unlimited texts,Exclusive deal,N/A,N/A,/transfer?52610941
Three SIM Deal,N/A,3GB,£5.00,24 month contract,unlimited minutes,unlimited texts,N/A,N/A,N/A,/transfer?52610948
Talkmobile SIM Deal,Uses Vodafone's network,8GB,£5.95,1 month contract,unlimited minutes,unlimited texts,N/A,Free EU Roaming,N/A,/transfer?58878300
iD Mobile SIM Deal,Uses Three's network,10GB,£6.00,24 month contract,unlimited minutes,unlimited texts,N/A,Data Rollover & Up to 30GB roaming in 50 countries,N/A,/transfer?58887949
iD Mobile SIM Deal,Uses Three's network,8GB,£6.00,1 month contract,unlimited minutes,unlimited texts,N/A,Data Rollover & Up to 30GB roaming in 50 countries,N/A,/transfer?58830989
iD Mobile SIM Deal,Uses Three's network,8GB,£6.00,12 month contract,unlimited minutes,unlimited texts,N/A,Data Rollover & Up to 30GB roaming in 50 countries,N/A,/transfer?58887950
Sky Mobile SIM Deal,Uses O2's network,3GB,£6.00,12 month contract,unlimited minutes,unlimited texts,N/A,Data Rollover,N/A,/transfer?58863092
GiffGaff SIM Deal,Uses O2's network,2GB,£6.00,1 month contract,unlimited minutes,unlimited texts,N/A,N/A,N/A,/transfer?52519666
1pMobile SIM Deal,Uses EE's network,2GB,£6.00,1 month contract,unlimited minutes,unlimited texts,N/A,No contract or annual price rises,N/A,/transfer?54128972
GiffGaff SIM Deal,Uses O2's network,1GB,£6.00,No contract,unlimited minutes,unlimited texts,N/A,N/A,N/A,/transfer?17842096
Lebara Mobile SIM Deal,Uses Vodafone's network,30GB,£6.75,12 month contract,unlimited minutes,unlimited texts,100 International Mins,50% off for 3 months with code SAVE50,N/A,/transfer?51758753
Talkmobile SIM Deal,Uses Vodafone's network,30GB,£6.95,1 month contract,unlimited minutes,unlimited texts,N/A,Free EU Roaming,N/A,/transfer?58878307
Talkmobile SIM Deal,Uses Vodafone's network,15GB,£6.95,1 month contract,unlimited minutes,unlimited texts,N/A,Free EU Roaming,N/A,/transfer?58687375
iD Mobile SIM Deal,Uses Three's network,30GB,£7.00,24 month contract,unlimited minutes,unlimited texts,N/A,Data Rollover & Up to 30GB roaming in 50 countries,N/A,/transfer?58854469
iD Mobile SIM Deal,Uses Three's network,30GB,£7.00,1 month contract,unlimited minutes,unlimited texts,N/A,Data Rollover & Up to 30GB roaming in 50 countries,N/A,/transfer?58873882
iD Mobile SIM Deal,Uses Three's network,25GB,£7.00,1 month contract,unlimited minutes,unlimited texts,N/A,Data Rollover & Up to 30GB roaming in 50 countries,N/A,/transfer?58831095
iD Mobile SIM Deal,Uses Three's network,25GB,£7.00,12 month contract,unlimited minutes,unlimited texts,N/A,Data Rollover & Up to 30GB roaming in 50 countries,N/A,/transfer?58854468
Vodafone SIM Deal,N/A,6GB,£7.00,12 month contract,unlimited minutes,unlimited texts,N/A,N/A,N/A,/transfer?58132594
ASDA Mobile SIM Deal,Uses Vodafone's network,5GB,£7.00,No contract,unlimited minutes,unlimited texts,N/A,N/A,N/A,/transfer?50787033
Lebara Mobile SIM Deal,Uses Vodafone's network,30GB,£7.50,1 month contract,unlimited minutes,unlimited texts,100 International mins,50% off for 3 months with code SAVE50,N/A,/transfer?54605370
ASDA Mobile SIM Deal,Uses Vodafone's network,25GB,£7.50,No contract,unlimited minutes,unlimited texts,6 months half price,N/A,N/A,/transfer?50787035
1pMobile SIM Deal,Uses EE's network,4GB,£7.50,1 month contract,unlimited minutes,unlimited texts,N/A,No contract or annual price rises,N/A,/transfer?54128971
Tesco Mobile SIM Deal,Uses O2's network,2GB,£7.50,24 month contract,unlimited minutes,unlimited texts,N/A,EU Roaming,N/A,/transfer?51515170
Talkmobile SIM Deal,Uses Vodafone's network,50GB,£7.95,12 month contract,unlimited minutes,unlimited texts,N/A,Free EU Roaming,N/A,/transfer?56243680
Talkmobile SIM Deal,Uses Vodafone's network,50GB,£7.95,1 month contract,unlimited minutes,unlimited texts,N/A,Free EU Roaming,N/A,/transfer?57139639
Talkmobile SIM Deal,Uses Vodafone's network,30GB,£7.95,1 month contract,unlimited minutes,unlimited texts,N/A,Free EU Roaming,N/A,/transfer?58687376
Talkmobile SIM Deal,Uses Vodafone's network,20GB,£7.95,1 month contract,unlimited minutes,unlimited texts,N/A,Free EU Roaming,N/A,/transfer?58826487
iD Mobile SIM Deal,Uses Three's network,50GB,£8.00,1 month contract,unlimited minutes,unlimited texts,N/A,Data Rollover & Up to 30GB roaming in 50 countries,N/A,/transfer?58831096
