SKU,Name,Published,Visibility in catalog,Images,Type,Categories,meta:data,meta:text,meta:minutes,meta:upfront_cost,meta:monthly_cost,meta:provider_name,meta:provider_logo,meta:payment_link,meta:contract_period
1567,5566,1,visible,https://sparksimandphones.co.uk/wp-content/uploads/2023/03/14-pro-5g.png,Simple,Apple > Apple Iphone 14 Pro 5G,10GB,Unlimited,Unlimited,99,49.99,ID_Mobile,726,https://www.idmobile.co.uk/shop/phones/pay-monthly,24 Months
1568,5567,1,visible,https://sparksimandphones.co.uk/wp-content/uploads/2023/03/14-pro-5g.png,Simple,Apple > Apple Iphone 14 Pro 5G,10GB,Unlimited,Unlimited,49,52.99,ID_Mobile,726,https://www.idmobile.co.uk/shop/phones/pay-monthly,24 Months
1569,5568,1,visible,https://sparksimandphones.co.uk/wp-content/uploads/2023/03/14-pro-5g.png,Simple,Apple > Apple Iphone 14 Pro 5G,50GB,Unlimited,Unlimited,99,50.99,ID_Mobile,726,https://www.idmobile.co.uk/shop/phones/pay-monthly,24 Months
1570,5569,1,visible,https://sparksimandphones.co.uk/wp-content/uploads/2023/03/14-pro-5g.png,Simple,Apple > Apple Iphone 14 Pro 5G,50GB,Unlimited,Unlimited,49,53.99,ID_Mobile,726,https://www.idmobile.co.uk/shop/phones/pay-monthly,24 Months
1571,5570,1,visible,https://sparksimandphones.co.uk/wp-content/uploads/2023/03/14-pro-5g.png,Simple,Apple > Apple Iphone 14 Pro 5G,100GB,Unlimited,Unlimited,99,51.99,ID_Mobile,726,https://www.idmobile.co.uk/shop/phones/pay-monthly,24 Months
1572,5571,1,visible,https://sparksimandphones.co.uk/wp-content/uploads/2023/03/14-pro-5g.png,Simple,Apple > Apple Iphone 14 Pro 5G,100GB,Unlimited,Unlimited,49,54.99,ID_Mobile,726,https://www.idmobile.co.uk/shop/phones/pay-monthly,24 Months
1573,5572,1,visible,https://sparksimandphones.co.uk/wp-content/uploads/2023/03/14-pro-5g.png,Simple,Apple > Apple Iphone 14 Pro 5G,Unlimited,Unlimited,Unlimited,99,53.99,ID_Mobile,726,https://www.idmobile.co.uk/shop/phones/pay-monthly,24 Months
1574,5573,1,visible,https://sparksimandphones.co.uk/wp-content/uploads/2023/03/14-pro-5g.png,Simple,Apple > Apple Iphone 14 Pro 5G,Unlimited,Unlimited,Unlimited,49,56.99,ID_Mobile,726,https://www.idmobile.co.uk/shop/phones/pay-monthly,24 Months
1575,5574,1,visible,https://sparksimandphones.co.uk/wp-content/uploads/2023/03/14-pro-5g.png,Simple,Apple > Apple Iphone 14 Pro 5G,10GB,Unlimited,Unlimited,179,52.99,ID_Mobile,726,https://www.idmobile.co.uk/shop/phones/pay-monthly,24 Months
1576,5575,1,visible,https://sparksimandphones.co.uk/wp-content/uploads/2023/03/14-pro-5g.png,Simple,Apple > Apple Iphone 14 Pro 5G,10GB,Unlimited,Unlimited,79,55.99,ID_Mobile,726,https://www.idmobile.co.uk/shop/phones/pay-monthly,24 Months
1577,5576,1,visible,https://sparksimandphones.co.uk/wp-content/uploads/2023/03/14-pro-5g.png,Simple,Apple > Apple Iphone 14 Pro 5G,50GB,Unlimited,Unlimited,129,53.99,ID_Mobile,726,https://www.idmobile.co.uk/shop/phones/pay-monthly,24 Months
1578,5577,1,visible,https://sparksimandphones.co.uk/wp-content/uploads/2023/03/14-pro-5g.png,Simple,Apple > Apple Iphone 14 Pro 5G,50GB,Unlimited,Unlimited,79,56.99,ID_Mobile,726,https://www.idmobile.co.uk/shop/phones/pay-monthly,24 Months
1579,5578,1,visible,https://sparksimandphones.co.uk/wp-content/uploads/2023/03/14-pro-5g.png,Simple,Apple > Apple Iphone 14 Pro 5G,100GB,Unlimited,Unlimited,129,54.99,ID_Mobile,726,https://www.idmobile.co.uk/shop/phones/pay-monthly,24 Months
1580,5579,1,visible,https://sparksimandphones.co.uk/wp-content/uploads/2023/03/14-pro-5g.png,Simple,Apple > Apple Iphone 14 Pro 5G,100GB,Unlimited,Unlimited,79,57.99,ID_Mobile,726,https://www.idmobile.co.uk/shop/phones/pay-monthly,24 Months
1581,5580,1,visible,https://sparksimandphones.co.uk/wp-content/uploads/2023/03/14-pro-5g.png,Simple,Apple > Apple Iphone 14 Pro 5G,Unlimited,Unlimited,Unlimited,129,56.99,ID_Mobile,726,https://www.idmobile.co.uk/shop/phones/pay-monthly,24 Months
1582,5581,1,visible,https://sparksimandphones.co.uk/wp-content/uploads/2023/03/14-pro-5g.png,Simple,Apple > Apple Iphone 14 Pro 5G,Unlimited,Unlimited,Unlimited,79,59.99,ID_Mobile,726,https://www.idmobile.co.uk/shop/phones/pay-monthly,24 Months
1583,5582,1,visible,https://sparksimandphones.co.uk/wp-content/uploads/2023/03/14-pro-5g.png,Simple,Apple > Apple Iphone 14 Pro 5G,10GB,Unlimited,Unlimited,189,59.99,ID_Mobile,726,https://www.idmobile.co.uk/shop/phones/pay-monthly,24 Months
1584,5583,1,visible,https://sparksimandphones.co.uk/wp-content/uploads/2023/03/14-pro-5g.png,Simple,Apple > Apple Iphone 14 Pro 5G,10GB,Unlimited,Unlimited,99,63.99,ID_Mobile,726,https://www.idmobile.co.uk/shop/phones/pay-monthly,24 Months
1585,5584,1,visible,https://sparksimandphones.co.uk/wp-content/uploads/2023/03/14-pro-5g.png,Simple,Apple > Apple Iphone 14 Pro 5G,50GB,Unlimited,Unlimited,189,60.99,ID_Mobile,726,https://www.idmobile.co.uk/shop/phones/pay-monthly,24 Months
1586,5585,1,visible,https://sparksimandphones.co.uk/wp-content/uploads/2023/03/14-pro-5g.png,Simple,Apple > Apple Iphone 14 Pro 5G,50GB,Unlimited,Unlimited,99,64.99,ID_Mobile,726,https://www.idmobile.co.uk/shop/phones/pay-monthly,24 Months
1587,5586,1,visible,https://sparksimandphones.co.uk/wp-content/uploads/2023/03/14-pro-5g.png,Simple,Apple > Apple Iphone 14 Pro 5G,100GB,Unlimited,Unlimited,189,61.99,ID_Mobile,726,https://www.idmobile.co.uk/shop/phones/pay-monthly,24 Months
1588,5587,1,visible,https://sparksimandphones.co.uk/wp-content/uploads/2023/03/14-pro-5g.png,Simple,Apple > Apple Iphone 14 Pro 5G,100GB,Unlimited,Unlimited,99,65.99,ID_Mobile,726,https://www.idmobile.co.uk/shop/phones/pay-monthly,24 Months
1589,5588,1,visible,https://sparksimandphones.co.uk/wp-content/uploads/2023/03/14-pro-5g.png,Simple,Apple > Apple Iphone 14 Pro 5G,Unlimited,Unlimited,Unlimited,189,63.99,ID_Mobile,726,https://www.idmobile.co.uk/shop/phones/pay-monthly,24 Months
1590,5589,1,visible,https://sparksimandphones.co.uk/wp-content/uploads/2023/03/14-pro-5g.png,Simple,Apple > Apple Iphone 14 Pro 5G,Unlimited,Unlimited,Unlimited,99,67.99,ID_Mobile,726,https://www.idmobile.co.uk/shop/phones/pay-monthly,24 Months
1591,5590,1,visible,https://sparksimandphones.co.uk/wp-content/uploads/2023/03/14-pro-5g.png,Simple,Apple > Apple Iphone 14 Pro 5G,50GB,Unlimited,Unlimited,179,69.99,ID_Mobile,726,https://www.idmobile.co.uk/shop/phones/pay-monthly,24 Months
1592,5591,1,visible,https://sparksimandphones.co.uk/wp-content/uploads/2023/03/14-pro-5g.png,Simple,Apple > Apple Iphone 14 Pro 5G,100GB,Unlimited,Unlimited,179,70.99,ID_Mobile,726,https://www.idmobile.co.uk/shop/phones/pay-monthly,24 Months
1593,5592,1,visible,https://sparksimandphones.co.uk/wp-content/uploads/2023/03/14-pro-5g.png,Simple,Apple > Apple Iphone 14 Pro 5G,Unlimited,Unlimited,Unlimited,179,72.99,ID_Mobile,726,https://www.idmobile.co.uk/shop/phones/pay-monthly,24 Months
1594,5593,1,visible,https://sparksimandphones.co.uk/wp-content/uploads/2023/03/14-pro-5g.png,Simple,Apple > Apple Iphone 14 Pro 5G,2GB,Unlimited,Unlimited,0,41,Virgin,724,https://www.virginmedia.com/mobile/pay-monthly,36 Months
1595,5594,1,visible,https://sparksimandphones.co.uk/wp-content/uploads/2023/03/14-pro-5g.png,Simple,Apple > Apple Iphone 14 Pro 5G,6GB,Unlimited,Unlimited,0,42,Virgin,724,https://www.virginmedia.com/mobile/pay-monthly,36 Months
1596,5595,1,visible,https://sparksimandphones.co.uk/wp-content/uploads/2023/03/14-pro-5g.png,Simple,Apple > Apple Iphone 14 Pro 5G,15GB,Unlimited,Unlimited,0,43,Virgin,724,https://www.virginmedia.com/mobile/pay-monthly,36 Months
1597,5596,1,visible,https://sparksimandphones.co.uk/wp-content/uploads/2023/03/14-pro-5g.png,Simple,Apple > Apple Iphone 14 Pro 5G,50GB,Unlimited,Unlimited,0,44,Virgin,724,https://www.virginmedia.com/mobile/pay-monthly,36 Months
1598,5597,1,visible,https://sparksimandphones.co.uk/wp-content/uploads/2023/03/14-pro-5g.png,Simple,Apple > Apple Iphone 14 Pro 5G,100GB,Unlimited,Unlimited,0,46,Virgin,724,https://www.virginmedia.com/mobile/pay-monthly,36 Months
1599,5598,1,visible,https://sparksimandphones.co.uk/wp-content/uploads/2023/03/14-pro-5g.png,Simple,Apple > Apple Iphone 14 Pro 5G,Unlimited,Unlimited,Unlimited,0,58,Virgin,724,https://www.virginmedia.com/mobile/pay-monthly,36 Months
1600,5599,1,visible,https://sparksimandphones.co.uk/wp-content/uploads/2023/03/14-pro-5g.png,Simple,Apple > Apple Iphone 14 Pro 5G,2GB,Unlimited,Unlimited,0,57.5,Virgin,724,https://www.virginmedia.com/mobile/pay-monthly,24 Months
1601,5600,1,visible,https://sparksimandphones.co.uk/wp-content/uploads/2023/03/14-pro-5g.png,Simple,Apple > Apple Iphone 14 Pro 5G,6GB,Unlimited,Unlimited,0,58.5,Virgin,724,https://www.virginmedia.com/mobile/pay-monthly,24 Months
1602,5601,1,visible,https://sparksimandphones.co.uk/wp-content/uploads/2023/03/14-pro-5g.png,Simple,Apple > Apple Iphone 14 Pro 5G,15GB,Unlimited,Unlimited,0,59.5,Virgin,724,https://www.virginmedia.com/mobile/pay-monthly,24 Months
1603,5602,1,visible,https://sparksimandphones.co.uk/wp-content/uploads/2023/03/14-pro-5g.png,Simple,Apple > Apple Iphone 14 Pro 5G,50GB,Unlimited,Unlimited,0,60.5,Virgin,724,https://www.virginmedia.com/mobile/pay-monthly,24 Months
1604,5603,1,visible,https://sparksimandphones.co.uk/wp-content/uploads/2023/03/14-pro-5g.png,Simple,Apple > Apple Iphone 14 Pro 5G,100GB,Unlimited,Unlimited,0,62.5,Virgin,724,https://www.virginmedia.com/mobile/pay-monthly,24 Months
1605,5604,1,visible,https://sparksimandphones.co.uk/wp-content/uploads/2023/03/14-pro-5g.png,Simple,Apple > Apple Iphone 14 Pro 5G,Unlimited,Unlimited,Unlimited,0,74.5,Virgin,724,https://www.virginmedia.com/mobile/pay-monthly,24 Months
1606,5605,1,visible,https://sparksimandphones.co.uk/wp-content/uploads/2023/03/14-pro-5g.png,Simple,Apple > Apple Iphone 14 Pro 5G,2GB,Unlimited,Unlimited,0,44.25,Virgin,724,https://www.virginmedia.com/mobile/pay-monthly,36 Months
1607,5606,1,visible,https://sparksimandphones.co.uk/wp-content/uploads/2023/03/14-pro-5g.png,Simple,Apple > Apple Iphone 14 Pro 5G,6GB,Unlimited,Unlimited,0,45.25,Virgin,724,https://www.virginmedia.com/mobile/pay-monthly,36 Months
1608,5607,1,visible,https://sparksimandphones.co.uk/wp-content/uploads/2023/03/14-pro-5g.png,Simple,Apple > Apple Iphone 14 Pro 5G,15GB,Unlimited,Unlimited,0,46.25,Virgin,724,https://www.virginmedia.com/mobile/pay-monthly,36 Months
1609,5608,1,visible,https://sparksimandphones.co.uk/wp-content/uploads/2023/03/14-pro-5g.png,Simple,Apple > Apple Iphone 14 Pro 5G,50GB,Unlimited,Unlimited,0,47.25,Virgin,724,https://www.virginmedia.com/mobile/pay-monthly,36 Months
1610,5609,1,visible,https://sparksimandphones.co.uk/wp-content/uploads/2023/03/14-pro-5g.png,Simple,Apple > Apple Iphone 14 Pro 5G,100GB,Unlimited,Unlimited,0,49.25,Virgin,724,https://www.virginmedia.com/mobile/pay-monthly,36 Months
1611,5610,1,visible,https://sparksimandphones.co.uk/wp-content/uploads/2023/03/14-pro-5g.png,Simple,Apple > Apple Iphone 14 Pro 5G,Unlimited,Unlimited,Unlimited,0,61.25,Virgin,724,https://www.virginmedia.com/mobile/pay-monthly,36 Months
1612,5611,1,visible,https://sparksimandphones.co.uk/wp-content/uploads/2023/03/14-pro-5g.png,Simple,Apple > Apple Iphone 14 Pro 5G,2GB,Unlimited,Unlimited,0,62.38,Virgin,724,https://www.virginmedia.com/mobile/pay-monthly,24 Months
1613,5612,1,visible,https://sparksimandphones.co.uk/wp-content/uploads/2023/03/14-pro-5g.png,Simple,Apple > Apple Iphone 14 Pro 5G,6GB,Unlimited,Unlimited,0,63.38,Virgin,724,https://www.virginmedia.com/mobile/pay-monthly,24 Months
1614,5613,1,visible,https://sparksimandphones.co.uk/wp-content/uploads/2023/03/14-pro-5g.png,Simple,Apple > Apple Iphone 14 Pro 5G,15GB,Unlimited,Unlimited,0,64.38,Virgin,724,https://www.virginmedia.com/mobile/pay-monthly,24 Months
1615,5614,1,visible,https://sparksimandphones.co.uk/wp-content/uploads/2023/03/14-pro-5g.png,Simple,Apple > Apple Iphone 14 Pro 5G,50GB,Unlimited,Unlimited,0,65.38,Virgin,724,https://www.virginmedia.com/mobile/pay-monthly,24 Months
1616,5615,1,visible,https://sparksimandphones.co.uk/wp-content/uploads/2023/03/14-pro-5g.png,Simple,Apple > Apple Iphone 14 Pro 5G,100GB,Unlimited,Unlimited,0,67.38,Virgin,724,https://www.virginmedia.com/mobile/pay-monthly,24 Months
1617,5616,1,visible,https://sparksimandphones.co.uk/wp-content/uploads/2023/03/14-pro-5g.png,Simple,Apple > Apple Iphone 14 Pro 5G,Unlimited,Unlimited,Unlimited,0,79.38,Virgin,724,https://www.virginmedia.com/mobile/pay-monthly,24 Months
1618,5617,1,visible,https://sparksimandphones.co.uk/wp-content/uploads/2023/03/14-pro-5g.png,Simple,Apple > Apple Iphone 14 Pro 5G,2GB,Unlimited,Unlimited,0,47,Virgin,724,https://www.virginmedia.com/mobile/pay-monthly,36 Months
1619,5618,1,visible,https://sparksimandphones.co.uk/wp-content/uploads/2023/03/14-pro-5g.png,Simple,Apple > Apple Iphone 14 Pro 5G,6GB,Unlimited,Unlimited,0,48,Virgin,724,https://www.virginmedia.com/mobile/pay-monthly,36 Months
1620,5619,1,visible,https://sparksimandphones.co.uk/wp-content/uploads/2023/03/14-pro-5g.png,Simple,Apple > Apple Iphone 14 Pro 5G,15GB,Unlimited,Unlimited,0,49,Virgin,724,https://www.virginmedia.com/mobile/pay-monthly,36 Months
1621,5620,1,visible,https://sparksimandphones.co.uk/wp-content/uploads/2023/03/14-pro-5g.png,Simple,Apple > Apple Iphone 14 Pro 5G,50GB,Unlimited,Unlimited,0,50,Virgin,724,https://www.virginmedia.com/mobile/pay-monthly,36 Months
1622,5621,1,visible,https://sparksimandphones.co.uk/wp-content/uploads/2023/03/14-pro-5g.png,Simple,Apple > Apple Iphone 14 Pro 5G,100GB,Unlimited,Unlimited,0,52,Virgin,724,https://www.virginmedia.com/mobile/pay-monthly,36 Months
1623,5622,1,visible,https://sparksimandphones.co.uk/wp-content/uploads/2023/03/14-pro-5g.png,Simple,Apple > Apple Iphone 14 Pro 5G,Unlimited,Unlimited,Unlimited,0,64,Virgin,724,https://www.virginmedia.com/mobile/pay-monthly,36 Months
1624,5623,1,visible,https://sparksimandphones.co.uk/wp-content/uploads/2023/03/14-pro-5g.png,Simple,Apple > Apple Iphone 14 Pro 5G,2GB,Unlimited,Unlimited,0,68,Virgin,724,https://www.virginmedia.com/mobile/pay-monthly,24 Months
1625,5624,1,visible,https://sparksimandphones.co.uk/wp-content/uploads/2023/03/14-pro-5g.png,Simple,Apple > Apple Iphone 14 Pro 5G,6GB,Unlimited,Unlimited,0,69,Virgin,724,https://www.virginmedia.com/mobile/pay-monthly,24 Months
1626,5625,1,visible,https://sparksimandphones.co.uk/wp-content/uploads/2023/03/14-pro-5g.png,Simple,Apple > Apple Iphone 14 Pro 5G,15GB,Unlimited,Unlimited,0,70,Virgin,724,https://www.virginmedia.com/mobile/pay-monthly,24 Months
1627,5626,1,visible,https://sparksimandphones.co.uk/wp-content/uploads/2023/03/14-pro-5g.png,Simple,Apple > Apple Iphone 14 Pro 5G,50GB,Unlimited,Unlimited,0,71,Virgin,724,https://www.virginmedia.com/mobile/pay-monthly,24 Months
1628,5627,1,visible,https://sparksimandphones.co.uk/wp-content/uploads/2023/03/14-pro-5g.png,Simple,Apple > Apple Iphone 14 Pro 5G,100GB,Unlimited,Unlimited,0,73,Virgin,724,https://www.virginmedia.com/mobile/pay-monthly,24 Months
1629,5628,1,visible,https://sparksimandphones.co.uk/wp-content/uploads/2023/03/14-pro-5g.png,Simple,Apple > Apple Iphone 14 Pro 5G,Unlimited,Unlimited,Unlimited,0,85,Virgin,724,https://www.virginmedia.com/mobile/pay-monthly,24 Months
1630,5629,1,visible,https://sparksimandphones.co.uk/wp-content/uploads/2023/03/14-pro-5g.png,Simple,Apple > Apple Iphone 14 Pro 5G,2GB,Unlimited,Unlimited,0,53,Virgin,724,https://www.virginmedia.com/mobile/pay-monthly,36 Months
1631,5630,1,visible,https://sparksimandphones.co.uk/wp-content/uploads/2023/03/14-pro-5g.png,Simple,Apple > Apple Iphone 14 Pro 5G,6GB,Unlimited,Unlimited,0,54,Virgin,724,https://www.virginmedia.com/mobile/pay-monthly,36 Months
1632,5631,1,visible,https://sparksimandphones.co.uk/wp-content/uploads/2023/03/14-pro-5g.png,Simple,Apple > Apple Iphone 14 Pro 5G,15GB,Unlimited,Unlimited,0,55,Virgin,724,https://www.virginmedia.com/mobile/pay-monthly,36 Months
1633,5632,1,visible,https://sparksimandphones.co.uk/wp-content/uploads/2023/03/14-pro-5g.png,Simple,Apple > Apple Iphone 14 Pro 5G,50GB,Unlimited,Unlimited,0,56,Virgin,724,https://www.virginmedia.com/mobile/pay-monthly,36 Months
1634,5633,1,visible,https://sparksimandphones.co.uk/wp-content/uploads/2023/03/14-pro-5g.png,Simple,Apple > Apple Iphone 14 Pro 5G,100GB,Unlimited,Unlimited,0,58,Virgin,724,https://www.virginmedia.com/mobile/pay-monthly,36 Months
1635,5634,1,visible,https://sparksimandphones.co.uk/wp-content/uploads/2023/03/14-pro-5g.png,Simple,Apple > Apple Iphone 14 Pro 5G,Unlimited,Unlimited,Unlimited,0,70,Virgin,724,https://www.virginmedia.com/mobile/pay-monthly,36 Months
1636,5635,1,visible,https://sparksimandphones.co.uk/wp-content/uploads/2023/03/14-pro-5g.png,Simple,Apple > Apple Iphone 14 Pro 5G,2GB,Unlimited,Unlimited,0,77,Virgin,724,https://www.virginmedia.com/mobile/pay-monthly,24 Months
1637,5636,1,visible,https://sparksimandphones.co.uk/wp-content/uploads/2023/03/14-pro-5g.png,Simple,Apple > Apple Iphone 14 Pro 5G,6GB,Unlimited,Unlimited,0,78,Virgin,724,https://www.virginmedia.com/mobile/pay-monthly,24 Months
1638,5637,1,visible,https://sparksimandphones.co.uk/wp-content/uploads/2023/03/14-pro-5g.png,Simple,Apple > Apple Iphone 14 Pro 5G,15GB,Unlimited,Unlimited,0,79,Virgin,724,https://www.virginmedia.com/mobile/pay-monthly,24 Months
1639,5638,1,visible,https://sparksimandphones.co.uk/wp-content/uploads/2023/03/14-pro-5g.png,Simple,Apple > Apple Iphone 14 Pro 5G,50GB,Unlimited,Unlimited,0,80,Virgin,724,https://www.virginmedia.com/mobile/pay-monthly,24 Months
1640,5639,1,visible,https://sparksimandphones.co.uk/wp-content/uploads/2023/03/14-pro-5g.png,Simple,Apple > Apple Iphone 14 Pro 5G,100GB,Unlimited,Unlimited,0,82,Virgin,724,https://www.virginmedia.com/mobile/pay-monthly,24 Months
1641,5640,1,visible,https://sparksimandphones.co.uk/wp-content/uploads/2023/03/14-pro-5g.png,Simple,Apple > Apple Iphone 14 Pro 5G,Unlimited,Unlimited,Unlimited,0,94,Virgin,724,https://www.virginmedia.com/mobile/pay-monthly,24 Months
1642,5641,1,visible,https://sparksimandphones.co.uk/wp-content/uploads/2023/03/14-pro-5g.png,Simple,Apple > Apple Iphone 14 Pro 5G,1GB,Unlimited,Unlimited,30,46.25,O2,265,https://www.o2.co.uk/shop,36 Months
1643,5642,1,visible,https://sparksimandphones.co.uk/wp-content/uploads/2023/03/14-pro-5g.png,Simple,Apple > Apple Iphone 14 Pro 5G,5GB,Unlimited,Unlimited,30,49.25,O2,265,https://www.o2.co.uk/shop,36 Months
1644,5643,1,visible,https://sparksimandphones.co.uk/wp-content/uploads/2023/03/14-pro-5g.png,Simple,Apple > Apple Iphone 14 Pro 5G,25GB,Unlimited,Unlimited,30,52.25,O2,265,https://www.o2.co.uk/shop,36 Months
1645,5644,1,visible,https://sparksimandphones.co.uk/wp-content/uploads/2023/03/14-pro-5g.png,Simple,Apple > Apple Iphone 14 Pro 5G,30GB,Unlimited,Unlimited,30,55.24,O2,265,https://www.o2.co.uk/shop,36 Months
1646,5645,1,visible,https://sparksimandphones.co.uk/wp-content/uploads/2023/03/14-pro-5g.png,Simple,Apple > Apple Iphone 14 Pro 5G,125GB,Unlimited,Unlimited,30,50.25,O2,265,https://www.o2.co.uk/shop,36 Months
1647,5646,1,visible,https://sparksimandphones.co.uk/wp-content/uploads/2023/03/14-pro-5g.png,Simple,Apple > Apple Iphone 14 Pro 5G,150GB,Unlimited,Unlimited,30,53.24,O2,265,https://www.o2.co.uk/shop,36 Months
1648,5647,1,visible,https://sparksimandphones.co.uk/wp-content/uploads/2023/03/14-pro-5g.png,Simple,Apple > Apple Iphone 14 Pro 5G,Unlimited,Unlimited,Unlimited,30,55.25,O2,265,https://www.o2.co.uk/shop,36 Months
1649,5648,1,visible,https://sparksimandphones.co.uk/wp-content/uploads/2023/03/14-pro-5g.png,Simple,Apple > Apple Iphone 14 Pro 5G,Unlimited,Unlimited,Unlimited,30,59.24,O2,265,https://www.o2.co.uk/shop,36 Months
1650,5649,1,visible,https://sparksimandphones.co.uk/wp-content/uploads/2023/03/14-pro-5g.png,Simple,Apple > Apple Iphone 14 Pro 5G,1GB,Unlimited,Unlimited,30,60.87,O2,265,https://www.o2.co.uk/shop,24 Months
1651,5650,1,visible,https://sparksimandphones.co.uk/wp-content/uploads/2023/03/14-pro-5g.png,Simple,Apple > Apple Iphone 14 Pro 5G,5GB,Unlimited,Unlimited,30,63.87,O2,265,https://www.o2.co.uk/shop,24 Months
1652,5651,1,visible,https://sparksimandphones.co.uk/wp-content/uploads/2023/03/14-pro-5g.png,Simple,Apple > Apple Iphone 14 Pro 5G,25GB,Unlimited,Unlimited,30,66.87,O2,265,https://www.o2.co.uk/shop,24 Months
1653,5652,1,visible,https://sparksimandphones.co.uk/wp-content/uploads/2023/03/14-pro-5g.png,Simple,Apple > Apple Iphone 14 Pro 5G,30GB,Unlimited,Unlimited,30,69.86,O2,265,https://www.o2.co.uk/shop,24 Months
1654,5653,1,visible,https://sparksimandphones.co.uk/wp-content/uploads/2023/03/14-pro-5g.png,Simple,Apple > Apple Iphone 14 Pro 5G,125GB,Unlimited,Unlimited,30,64.87,O2,265,https://www.o2.co.uk/shop,24 Months
1655,5654,1,visible,https://sparksimandphones.co.uk/wp-content/uploads/2023/03/14-pro-5g.png,Simple,Apple > Apple Iphone 14 Pro 5G,150GB,Unlimited,Unlimited,30,67.86,O2,265,https://www.o2.co.uk/shop,24 Months
1656,5655,1,visible,https://sparksimandphones.co.uk/wp-content/uploads/2023/03/14-pro-5g.png,Simple,Apple > Apple Iphone 14 Pro 5G,Unlimited,Unlimited,Unlimited,30,69.87,O2,265,https://www.o2.co.uk/shop,24 Months
1657,5656,1,visible,https://sparksimandphones.co.uk/wp-content/uploads/2023/03/14-pro-5g.png,Simple,Apple > Apple Iphone 14 Pro 5G,Unlimited,Unlimited,Unlimited,30,73.86,O2,265,https://www.o2.co.uk/shop,24 Months
1658,5657,1,visible,https://sparksimandphones.co.uk/wp-content/uploads/2023/03/14-pro-5g.png,Simple,Apple > Apple Iphone 14 Pro 5G,1GB,Unlimited,Unlimited,130,56.7,O2,265,https://www.o2.co.uk/shop,24 Months
1659,5658,1,visible,https://sparksimandphones.co.uk/wp-content/uploads/2023/03/14-pro-5g.png,Simple,Apple > Apple Iphone 14 Pro 5G,5GB,Unlimited,Unlimited,130,59.7,O2,265,https://www.o2.co.uk/shop,24 Months
1660,5659,1,visible,https://sparksimandphones.co.uk/wp-content/uploads/2023/03/14-pro-5g.png,Simple,Apple > Apple Iphone 14 Pro 5G,25GB,Unlimited,Unlimited,130,62.7,O2,265,https://www.o2.co.uk/shop,24 Months
1661,5660,1,visible,https://sparksimandphones.co.uk/wp-content/uploads/2023/03/14-pro-5g.png,Simple,Apple > Apple Iphone 14 Pro 5G,30GB,Unlimited,Unlimited,130,65.7,O2,265,https://www.o2.co.uk/shop,24 Months
1662,5661,1,visible,https://sparksimandphones.co.uk/wp-content/uploads/2023/03/14-pro-5g.png,Simple,Apple > Apple Iphone 14 Pro 5G,125GB,Unlimited,Unlimited,130,60.7,O2,265,https://www.o2.co.uk/shop,24 Months
1663,5662,1,visible,https://sparksimandphones.co.uk/wp-content/uploads/2023/03/14-pro-5g.png,Simple,Apple > Apple Iphone 14 Pro 5G,150GB,Unlimited,Unlimited,130,63.69,O2,265,https://www.o2.co.uk/shop,24 Months
1664,5663,1,visible,https://sparksimandphones.co.uk/wp-content/uploads/2023/03/14-pro-5g.png,Simple,Apple > Apple Iphone 14 Pro 5G,Unlimited,Unlimited,Unlimited,130,65.7,O2,265,https://www.o2.co.uk/shop,24 Months
1665,5664,1,visible,https://sparksimandphones.co.uk/wp-content/uploads/2023/03/14-pro-5g.png,Simple,Apple > Apple Iphone 14 Pro 5G,Unlimited,Unlimited,Unlimited,130,69.69,O2,265,https://www.o2.co.uk/shop,24 Months
1666,5665,1,visible,https://sparksimandphones.co.uk/wp-content/uploads/2023/03/14-pro-5g.png,Simple,Apple > Apple Iphone 14 Pro 5G,1GB,Unlimited,Unlimited,100,57.95,O2,265,https://www.o2.co.uk/shop,24 Months
1667,5666,1,visible,https://sparksimandphones.co.uk/wp-content/uploads/2023/03/14-pro-5g.png,Simple,Apple > Apple Iphone 14 Pro 5G,5GB,Unlimited,Unlimited,100,60.95,O2,265,https://www.o2.co.uk/shop,24 Months
1668,5667,1,visible,https://sparksimandphones.co.uk/wp-content/uploads/2023/03/14-pro-5g.png,Simple,Apple > Apple Iphone 14 Pro 5G,25GB,Unlimited,Unlimited,100,63.95,O2,265,https://www.o2.co.uk/shop,24 Months
1669,5668,1,visible,https://sparksimandphones.co.uk/wp-content/uploads/2023/03/14-pro-5g.png,Simple,Apple > Apple Iphone 14 Pro 5G,30GB,Unlimited,Unlimited,100,66.94,O2,265,https://www.o2.co.uk/shop,24 Months
1670,5669,1,visible,https://sparksimandphones.co.uk/wp-content/uploads/2023/03/14-pro-5g.png,Simple,Apple > Apple Iphone 14 Pro 5G,125GB,Unlimited,Unlimited,100,61.95,O2,265,https://www.o2.co.uk/shop,24 Months
1671,5670,1,visible,https://sparksimandphones.co.uk/wp-content/uploads/2023/03/14-pro-5g.png,Simple,Apple > Apple Iphone 14 Pro 5G,150GB,Unlimited,Unlimited,100,64.94,O2,265,https://www.o2.co.uk/shop,24 Months
1672,5671,1,visible,https://sparksimandphones.co.uk/wp-content/uploads/2023/03/14-pro-5g.png,Simple,Apple > Apple Iphone 14 Pro 5G,Unlimited,Unlimited,Unlimited,100,66.95,O2,265,https://www.o2.co.uk/shop,24 Months
1673,5672,1,visible,https://sparksimandphones.co.uk/wp-content/uploads/2023/03/14-pro-5g.png,Simple,Apple > Apple Iphone 14 Pro 5G,Unlimited,Unlimited,Unlimited,100,70.94,O2,265,https://www.o2.co.uk/shop,24 Months
1674,5673,1,visible,https://sparksimandphones.co.uk/wp-content/uploads/2023/03/14-pro-5g.png,Simple,Apple > Apple Iphone 14 Pro 5G,1GB,Unlimited,Unlimited,300,49.62,O2,265,https://www.o2.co.uk/shop,24 Months
1675,5674,1,visible,https://sparksimandphones.co.uk/wp-content/uploads/2023/03/14-pro-5g.png,Simple,Apple > Apple Iphone 14 Pro 5G,5GB,Unlimited,Unlimited,300,52.62,O2,265,https://www.o2.co.uk/shop,24 Months
1676,5675,1,visible,https://sparksimandphones.co.uk/wp-content/uploads/2023/03/14-pro-5g.png,Simple,Apple > Apple Iphone 14 Pro 5G,25GB,Unlimited,Unlimited,300,55.62,O2,265,https://www.o2.co.uk/shop,24 Months
1677,5676,1,visible,https://sparksimandphones.co.uk/wp-content/uploads/2023/03/14-pro-5g.png,Simple,Apple > Apple Iphone 14 Pro 5G,30GB,Unlimited,Unlimited,300,58.61,O2,265,https://www.o2.co.uk/shop,24 Months
1678,5677,1,visible,https://sparksimandphones.co.uk/wp-content/uploads/2023/03/14-pro-5g.png,Simple,Apple > Apple Iphone 14 Pro 5G,125GB,Unlimited,Unlimited,300,53.62,O2,265,https://www.o2.co.uk/shop,24 Months
1679,5678,1,visible,https://sparksimandphones.co.uk/wp-content/uploads/2023/03/14-pro-5g.png,Simple,Apple > Apple Iphone 14 Pro 5G,150GB,Unlimited,Unlimited,300,56.61,O2,265,https://www.o2.co.uk/shop,24 Months
1680,5679,1,visible,https://sparksimandphones.co.uk/wp-content/uploads/2023/03/14-pro-5g.png,Simple,Apple > Apple Iphone 14 Pro 5G,Unlimited,Unlimited,Unlimited,300,58.62,O2,265,https://www.o2.co.uk/shop,24 Months
1681,5680,1,visible,https://sparksimandphones.co.uk/wp-content/uploads/2023/03/14-pro-5g.png,Simple,Apple > Apple Iphone 14 Pro 5G,Unlimited,Unlimited,Unlimited,300,62.61,O2,265,https://www.o2.co.uk/shop,24 Months
1682,5681,1,visible,https://sparksimandphones.co.uk/wp-content/uploads/2023/03/14-pro-5g.png,Simple,Apple > Apple Iphone 14 Pro 5G,1GB,Unlimited,Unlimited,390,45.87,O2,265,https://www.o2.co.uk/shop,24 Months
1683,5682,1,visible,https://sparksimandphones.co.uk/wp-content/uploads/2023/03/14-pro-5g.png,Simple,Apple > Apple Iphone 14 Pro 5G,5GB,Unlimited,Unlimited,390,48.87,O2,265,https://www.o2.co.uk/shop,24 Months
1684,5683,1,visible,https://sparksimandphones.co.uk/wp-content/uploads/2023/03/14-pro-5g.png,Simple,Apple > Apple Iphone 14 Pro 5G,25GB,Unlimited,Unlimited,390,51.87,O2,265,https://www.o2.co.uk/shop,24 Months
1685,5684,1,visible,https://sparksimandphones.co.uk/wp-content/uploads/2023/03/14-pro-5g.png,Simple,Apple > Apple Iphone 14 Pro 5G,30GB,Unlimited,Unlimited,390,54.86,O2,265,https://www.o2.co.uk/shop,24 Months
1686,5685,1,visible,https://sparksimandphones.co.uk/wp-content/uploads/2023/03/14-pro-5g.png,Simple,Apple > Apple Iphone 14 Pro 5G,125GB,Unlimited,Unlimited,390,49.87,O2,265,https://www.o2.co.uk/shop,24 Months
1687,5686,1,visible,https://sparksimandphones.co.uk/wp-content/uploads/2023/03/14-pro-5g.png,Simple,Apple > Apple Iphone 14 Pro 5G,150GB,Unlimited,Unlimited,390,52.86,O2,265,https://www.o2.co.uk/shop,24 Months
1688,5687,1,visible,https://sparksimandphones.co.uk/wp-content/uploads/2023/03/14-pro-5g.png,Simple,Apple > Apple Iphone 14 Pro 5G,Unlimited,Unlimited,Unlimited,390,54.87,O2,265,https://www.o2.co.uk/shop,24 Months
1689,5688,1,visible,https://sparksimandphones.co.uk/wp-content/uploads/2023/03/14-pro-5g.png,Simple,Apple > Apple Iphone 14 Pro 5G,Unlimited,Unlimited,Unlimited,390,58.86,O2,265,https://www.o2.co.uk/shop,24 Months
1690,5689,1,visible,https://sparksimandphones.co.uk/wp-content/uploads/2023/03/14-pro-5g.png,Simple,Apple > Apple Iphone 14 Pro 5G,1GB,Unlimited,Unlimited,460,45.23,O2,265,https://www.o2.co.uk/shop,36 Months
1691,5690,1,visible,https://sparksimandphones.co.uk/wp-content/uploads/2023/03/14-pro-5g.png,Simple,Apple > Apple Iphone 14 Pro 5G,5GB,Unlimited,Unlimited,460,48.23,O2,265,https://www.o2.co.uk/shop,36 Months
1692,5691,1,visible,https://sparksimandphones.co.uk/wp-content/uploads/2023/03/14-pro-5g.png,Simple,Apple > Apple Iphone 14 Pro 5G,25GB,Unlimited,Unlimited,460,51.23,O2,265,https://www.o2.co.uk/shop,36 Months
1693,5692,1,visible,https://sparksimandphones.co.uk/wp-content/uploads/2023/03/14-pro-5g.png,Simple,Apple > Apple Iphone 14 Pro 5G,30GB,Unlimited,Unlimited,460,54.22,O2,265,https://www.o2.co.uk/shop,36 Months
1694,5693,1,visible,https://sparksimandphones.co.uk/wp-content/uploads/2023/03/14-pro-5g.png,Simple,Apple > Apple Iphone 14 Pro 5G,125GB,Unlimited,Unlimited,460,49.23,O2,265,https://www.o2.co.uk/shop,36 Months
1695,5694,1,visible,https://sparksimandphones.co.uk/wp-content/uploads/2023/03/14-pro-5g.png,Simple,Apple > Apple Iphone 14 Pro 5G,150GB,Unlimited,Unlimited,460,52.22,O2,265,https://www.o2.co.uk/shop,36 Months
1696,5695,1,visible,https://sparksimandphones.co.uk/wp-content/uploads/2023/03/14-pro-5g.png,Simple,Apple > Apple Iphone 14 Pro 5G,Unlimited,Unlimited,Unlimited,460,54.23,O2,265,https://www.o2.co.uk/shop,36 Months
1697,5696,1,visible,https://sparksimandphones.co.uk/wp-content/uploads/2023/03/14-pro-5g.png,Simple,Apple > Apple Iphone 14 Pro 5G,Unlimited,Unlimited,Unlimited,460,57.22,O2,265,https://www.o2.co.uk/shop,36 Months
1698,5697,1,visible,https://sparksimandphones.co.uk/wp-content/uploads/2023/03/14-pro-5g.png,Simple,Apple > Apple Iphone 14 Pro 5G,Unlimited,Unlimited,Unlimited,55,55.83,Three,627,https://www.three.co.uk/shop/phones,36 Months
1699,5698,1,visible,https://sparksimandphones.co.uk/wp-content/uploads/2023/03/14-pro-5g.png,Simple,Apple > Apple Iphone 14 Pro 5G,Unlimited,Unlimited,Unlimited,55,60.83,Three,627,https://www.three.co.uk/shop/phones,36 Months
1700,5699,1,visible,https://sparksimandphones.co.uk/wp-content/uploads/2023/03/14-pro-5g.png,Simple,Apple > Apple Iphone 14 Pro 5G,Unlimited,Unlimited,Unlimited,55,65.83,Three,627,https://www.three.co.uk/shop/phones,36 Months
1701,5700,1,visible,https://sparksimandphones.co.uk/wp-content/uploads/2023/03/14-pro-5g.png,Simple,Apple > Apple Iphone 14 Pro 5G,300GB,Unlimited,Unlimited,55,53.83,Three,627,https://www.three.co.uk/shop/phones,36 Months
1702,5701,1,visible,https://sparksimandphones.co.uk/wp-content/uploads/2023/03/14-pro-5g.png,Simple,Apple > Apple Iphone 14 Pro 5G,300GB,Unlimited,Unlimited,55,58.83,Three,627,https://www.three.co.uk/shop/phones,36 Months
1703,5702,1,visible,https://sparksimandphones.co.uk/wp-content/uploads/2023/03/14-pro-5g.png,Simple,Apple > Apple Iphone 14 Pro 5G,300GB,Unlimited,Unlimited,55,63.83,Three,627,https://www.three.co.uk/shop/phones,36 Months
1704,5703,1,visible,https://sparksimandphones.co.uk/wp-content/uploads/2023/03/14-pro-5g.png,Simple,Apple > Apple Iphone 14 Pro 5G,150GB,Unlimited,Unlimited,55,51.83,Three,627,https://www.three.co.uk/shop/phones,36 Months
1705,5704,1,visible,https://sparksimandphones.co.uk/wp-content/uploads/2023/03/14-pro-5g.png,Simple,Apple > Apple Iphone 14 Pro 5G,150GB,Unlimited,Unlimited,55,56.83,Three,627,https://www.three.co.uk/shop/phones,36 Months
1706,5705,1,visible,https://sparksimandphones.co.uk/wp-content/uploads/2023/03/14-pro-5g.png,Simple,Apple > Apple Iphone 14 Pro 5G,150GB,Unlimited,Unlimited,55,61.83,Three,627,https://www.three.co.uk/shop/phones,36 Months
1707,5706,1,visible,https://sparksimandphones.co.uk/wp-content/uploads/2023/03/14-pro-5g.png,Simple,Apple > Apple Iphone 14 Pro 5G,30GB,Unlimited,Unlimited,55,47.83,Three,627,https://www.three.co.uk/shop/phones,36 Months
1708,5707,1,visible,https://sparksimandphones.co.uk/wp-content/uploads/2023/03/14-pro-5g.png,Simple,Apple > Apple Iphone 14 Pro 5G,30GB,Unlimited,Unlimited,55,52.83,Three,627,https://www.three.co.uk/shop/phones,36 Months
1709,5708,1,visible,https://sparksimandphones.co.uk/wp-content/uploads/2023/03/14-pro-5g.png,Simple,Apple > Apple Iphone 14 Pro 5G,30GB,Unlimited,Unlimited,55,57.83,Three,627,https://www.three.co.uk/shop/phones,36 Months
1710,5709,1,visible,https://sparksimandphones.co.uk/wp-content/uploads/2023/03/14-pro-5g.png,Simple,Apple > Apple Iphone 14 Pro 5G,15GB,Unlimited,Unlimited,55,45.83,Three,627,https://www.three.co.uk/shop/phones,36 Months
1711,5710,1,visible,https://sparksimandphones.co.uk/wp-content/uploads/2023/03/14-pro-5g.png,Simple,Apple > Apple Iphone 14 Pro 5G,15GB,Unlimited,Unlimited,55,50.83,Three,627,https://www.three.co.uk/shop/phones,36 Months
1712,5711,1,visible,https://sparksimandphones.co.uk/wp-content/uploads/2023/03/14-pro-5g.png,Simple,Apple > Apple Iphone 14 Pro 5G,15GB,Unlimited,Unlimited,55,55.83,Three,627,https://www.three.co.uk/shop/phones,36 Months
1713,5712,1,visible,https://sparksimandphones.co.uk/wp-content/uploads/2023/03/14-pro-5g.png,Simple,Apple > Apple Iphone 14 Pro 5G,5GB,Unlimited,Unlimited,55,42.83,Three,627,https://www.three.co.uk/shop/phones,36 Months
1714,5713,1,visible,https://sparksimandphones.co.uk/wp-content/uploads/2023/03/14-pro-5g.png,Simple,Apple > Apple Iphone 14 Pro 5G,5GB,Unlimited,Unlimited,55,47.83,Three,627,https://www.three.co.uk/shop/phones,36 Months
1715,5714,1,visible,https://sparksimandphones.co.uk/wp-content/uploads/2023/03/14-pro-5g.png,Simple,Apple > Apple Iphone 14 Pro 5G,5GB,Unlimited,Unlimited,55,52.83,Three,627,https://www.three.co.uk/shop/phones,36 Months
1716,5715,1,visible,https://sparksimandphones.co.uk/wp-content/uploads/2023/03/14-pro-5g.png,Simple,Apple > Apple Iphone 14 Pro 5G,2GB,Unlimited,Unlimited,55,41.83,Three,627,https://www.three.co.uk/shop/phones,36 Months
1717,5716,1,visible,https://sparksimandphones.co.uk/wp-content/uploads/2023/03/14-pro-5g.png,Simple,Apple > Apple Iphone 14 Pro 5G,2GB,Unlimited,Unlimited,55,46.83,Three,627,https://www.three.co.uk/shop/phones,36 Months
1718,5717,1,visible,https://sparksimandphones.co.uk/wp-content/uploads/2023/03/14-pro-5g.png,Simple,Apple > Apple Iphone 14 Pro 5G,2GB,Unlimited,Unlimited,55,51.83,Three,627,https://www.three.co.uk/shop/phones,36 Months
1719,5718,1,visible,https://sparksimandphones.co.uk/wp-content/uploads/2023/03/14-pro-5g.png,Simple,Apple > Apple Iphone 14 Pro 5G,Unlimited,Unlimited,Unlimited,55,70.46,Three,627,https://www.three.co.uk/shop/phones,24 Months
1720,5719,1,visible,https://sparksimandphones.co.uk/wp-content/uploads/2023/03/14-pro-5g.png,Simple,Apple > Apple Iphone 14 Pro 5G,Unlimited,Unlimited,Unlimited,55,75.46,Three,627,https://www.three.co.uk/shop/phones,24 Months
1721,5720,1,visible,https://sparksimandphones.co.uk/wp-content/uploads/2023/03/14-pro-5g.png,Simple,Apple > Apple Iphone 14 Pro 5G,Unlimited,Unlimited,Unlimited,55,80.46,Three,627,https://www.three.co.uk/shop/phones,24 Months
1722,5721,1,visible,https://sparksimandphones.co.uk/wp-content/uploads/2023/03/14-pro-5g.png,Simple,Apple > Apple Iphone 14 Pro 5G,300GB,Unlimited,Unlimited,55,68.46,Three,627,https://www.three.co.uk/shop/phones,24 Months
1723,5722,1,visible,https://sparksimandphones.co.uk/wp-content/uploads/2023/03/14-pro-5g.png,Simple,Apple > Apple Iphone 14 Pro 5G,300GB,Unlimited,Unlimited,55,73.46,Three,627,https://www.three.co.uk/shop/phones,24 Months
1724,5723,1,visible,https://sparksimandphones.co.uk/wp-content/uploads/2023/03/14-pro-5g.png,Simple,Apple > Apple Iphone 14 Pro 5G,300GB,Unlimited,Unlimited,55,78.46,Three,627,https://www.three.co.uk/shop/phones,24 Months
1725,5724,1,visible,https://sparksimandphones.co.uk/wp-content/uploads/2023/03/14-pro-5g.png,Simple,Apple > Apple Iphone 14 Pro 5G,150GB,Unlimited,Unlimited,55,66.46,Three,627,https://www.three.co.uk/shop/phones,24 Months
1726,5725,1,visible,https://sparksimandphones.co.uk/wp-content/uploads/2023/03/14-pro-5g.png,Simple,Apple > Apple Iphone 14 Pro 5G,150GB,Unlimited,Unlimited,55,71.46,Three,627,https://www.three.co.uk/shop/phones,24 Months
1727,5726,1,visible,https://sparksimandphones.co.uk/wp-content/uploads/2023/03/14-pro-5g.png,Simple,Apple > Apple Iphone 14 Pro 5G,150GB,Unlimited,Unlimited,55,76.46,Three,627,https://www.three.co.uk/shop/phones,24 Months
1728,5727,1,visible,https://sparksimandphones.co.uk/wp-content/uploads/2023/03/14-pro-5g.png,Simple,Apple > Apple Iphone 14 Pro 5G,30GB,Unlimited,Unlimited,55,62.46,Three,627,https://www.three.co.uk/shop/phones,24 Months
1729,5728,1,visible,https://sparksimandphones.co.uk/wp-content/uploads/2023/03/14-pro-5g.png,Simple,Apple > Apple Iphone 14 Pro 5G,30GB,Unlimited,Unlimited,55,67.46,Three,627,https://www.three.co.uk/shop/phones,24 Months
1730,5729,1,visible,https://sparksimandphones.co.uk/wp-content/uploads/2023/03/14-pro-5g.png,Simple,Apple > Apple Iphone 14 Pro 5G,30GB,Unlimited,Unlimited,55,72.46,Three,627,https://www.three.co.uk/shop/phones,24 Months
1731,5730,1,visible,https://sparksimandphones.co.uk/wp-content/uploads/2023/03/14-pro-5g.png,Simple,Apple > Apple Iphone 14 Pro 5G,15GB,Unlimited,Unlimited,55,60.46,Three,627,https://www.three.co.uk/shop/phones,24 Months
1732,5731,1,visible,https://sparksimandphones.co.uk/wp-content/uploads/2023/03/14-pro-5g.png,Simple,Apple > Apple Iphone 14 Pro 5G,15GB,Unlimited,Unlimited,55,65.46,Three,627,https://www.three.co.uk/shop/phones,24 Months
1733,5732,1,visible,https://sparksimandphones.co.uk/wp-content/uploads/2023/03/14-pro-5g.png,Simple,Apple > Apple Iphone 14 Pro 5G,15GB,Unlimited,Unlimited,55,70.46,Three,627,https://www.three.co.uk/shop/phones,24 Months
1734,5733,1,visible,https://sparksimandphones.co.uk/wp-content/uploads/2023/03/14-pro-5g.png,Simple,Apple > Apple Iphone 14 Pro 5G,5GB,Unlimited,Unlimited,55,57.46,Three,627,https://www.three.co.uk/shop/phones,24 Months
1735,5734,1,visible,https://sparksimandphones.co.uk/wp-content/uploads/2023/03/14-pro-5g.png,Simple,Apple > Apple Iphone 14 Pro 5G,5GB,Unlimited,Unlimited,55,62.46,Three,627,https://www.three.co.uk/shop/phones,24 Months
1736,5735,1,visible,https://sparksimandphones.co.uk/wp-content/uploads/2023/03/14-pro-5g.png,Simple,Apple > Apple Iphone 14 Pro 5G,5GB,Unlimited,Unlimited,55,67.46,Three,627,https://www.three.co.uk/shop/phones,24 Months
1737,5736,1,visible,https://sparksimandphones.co.uk/wp-content/uploads/2023/03/14-pro-5g.png,Simple,Apple > Apple Iphone 14 Pro 5G,2GB,Unlimited,Unlimited,55,56.46,Three,627,https://www.three.co.uk/shop/phones,24 Months
1738,5737,1,visible,https://sparksimandphones.co.uk/wp-content/uploads/2023/03/14-pro-5g.png,Simple,Apple > Apple Iphone 14 Pro 5G,2GB,Unlimited,Unlimited,55,61.46,Three,627,https://www.three.co.uk/shop/phones,24 Months
1739,5738,1,visible,https://sparksimandphones.co.uk/wp-content/uploads/2023/03/14-pro-5g.png,Simple,Apple > Apple Iphone 14 Pro 5G,2GB,Unlimited,Unlimited,55,66.46,Three,627,https://www.three.co.uk/shop/phones,24 Months
1740,5739,1,visible,https://sparksimandphones.co.uk/wp-content/uploads/2023/03/14-pro-5g.png,Simple,Apple > Apple Iphone 14 Pro 5G,Unlimited,Unlimited,Unlimited,440,54.42,Three,627,https://www.three.co.uk/shop/phones,24 Months
1741,5740,1,visible,https://sparksimandphones.co.uk/wp-content/uploads/2023/03/14-pro-5g.png,Simple,Apple > Apple Iphone 14 Pro 5G,Unlimited,Unlimited,Unlimited,440,59.42,Three,627,https://www.three.co.uk/shop/phones,24 Months
1742,5741,1,visible,https://sparksimandphones.co.uk/wp-content/uploads/2023/03/14-pro-5g.png,Simple,Apple > Apple Iphone 14 Pro 5G,Unlimited,Unlimited,Unlimited,440,64.42,Three,627,https://www.three.co.uk/shop/phones,24 Months
1743,5742,1,visible,https://sparksimandphones.co.uk/wp-content/uploads/2023/03/14-pro-5g.png,Simple,Apple > Apple Iphone 14 Pro 5G,300GB,Unlimited,Unlimited,440,52.42,Three,627,https://www.three.co.uk/shop/phones,24 Months
1744,5743,1,visible,https://sparksimandphones.co.uk/wp-content/uploads/2023/03/14-pro-5g.png,Simple,Apple > Apple Iphone 14 Pro 5G,300GB,Unlimited,Unlimited,440,57.42,Three,627,https://www.three.co.uk/shop/phones,24 Months
1745,5744,1,visible,https://sparksimandphones.co.uk/wp-content/uploads/2023/03/14-pro-5g.png,Simple,Apple > Apple Iphone 14 Pro 5G,300GB,Unlimited,Unlimited,440,62.42,Three,627,https://www.three.co.uk/shop/phones,24 Months
1746,5745,1,visible,https://sparksimandphones.co.uk/wp-content/uploads/2023/03/14-pro-5g.png,Simple,Apple > Apple Iphone 14 Pro 5G,150GB,Unlimited,Unlimited,440,50.42,Three,627,https://www.three.co.uk/shop/phones,24 Months
1747,5746,1,visible,https://sparksimandphones.co.uk/wp-content/uploads/2023/03/14-pro-5g.png,Simple,Apple > Apple Iphone 14 Pro 5G,150GB,Unlimited,Unlimited,440,55.42,Three,627,https://www.three.co.uk/shop/phones,24 Months
1748,5747,1,visible,https://sparksimandphones.co.uk/wp-content/uploads/2023/03/14-pro-5g.png,Simple,Apple > Apple Iphone 14 Pro 5G,150GB,Unlimited,Unlimited,440,60.42,Three,627,https://www.three.co.uk/shop/phones,24 Months
1749,5748,1,visible,https://sparksimandphones.co.uk/wp-content/uploads/2023/03/14-pro-5g.png,Simple,Apple > Apple Iphone 14 Pro 5G,30GB,Unlimited,Unlimited,440,46.42,Three,627,https://www.three.co.uk/shop/phones,24 Months
1750,5749,1,visible,https://sparksimandphones.co.uk/wp-content/uploads/2023/03/14-pro-5g.png,Simple,Apple > Apple Iphone 14 Pro 5G,30GB,Unlimited,Unlimited,440,51.42,Three,627,https://www.three.co.uk/shop/phones,24 Months
1751,5750,1,visible,https://sparksimandphones.co.uk/wp-content/uploads/2023/03/14-pro-5g.png,Simple,Apple > Apple Iphone 14 Pro 5G,30GB,Unlimited,Unlimited,440,56.42,Three,627,https://www.three.co.uk/shop/phones,24 Months
1752,5751,1,visible,https://sparksimandphones.co.uk/wp-content/uploads/2023/03/14-pro-5g.png,Simple,Apple > Apple Iphone 14 Pro 5G,15GB,Unlimited,Unlimited,440,44.42,Three,627,https://www.three.co.uk/shop/phones,24 Months
1753,5752,1,visible,https://sparksimandphones.co.uk/wp-content/uploads/2023/03/14-pro-5g.png,Simple,Apple > Apple Iphone 14 Pro 5G,15GB,Unlimited,Unlimited,440,49.42,Three,627,https://www.three.co.uk/shop/phones,24 Months
1754,5753,1,visible,https://sparksimandphones.co.uk/wp-content/uploads/2023/03/14-pro-5g.png,Simple,Apple > Apple Iphone 14 Pro 5G,15GB,Unlimited,Unlimited,440,54.42,Three,627,https://www.three.co.uk/shop/phones,24 Months
1755,5754,1,visible,https://sparksimandphones.co.uk/wp-content/uploads/2023/03/14-pro-5g.png,Simple,Apple > Apple Iphone 14 Pro 5G,5GB,Unlimited,Unlimited,440,41.42,Three,627,https://www.three.co.uk/shop/phones,24 Months
1756,5755,1,visible,https://sparksimandphones.co.uk/wp-content/uploads/2023/03/14-pro-5g.png,Simple,Apple > Apple Iphone 14 Pro 5G,5GB,Unlimited,Unlimited,440,46.42,Three,627,https://www.three.co.uk/shop/phones,24 Months
1757,5756,1,visible,https://sparksimandphones.co.uk/wp-content/uploads/2023/03/14-pro-5g.png,Simple,Apple > Apple Iphone 14 Pro 5G,5GB,Unlimited,Unlimited,440,51.42,Three,627,https://www.three.co.uk/shop/phones,24 Months
1758,5757,1,visible,https://sparksimandphones.co.uk/wp-content/uploads/2023/03/14-pro-5g.png,Simple,Apple > Apple Iphone 14 Pro 5G,2GB,Unlimited,Unlimited,440,40.42,Three,627,https://www.three.co.uk/shop/phones,24 Months
1759,5758,1,visible,https://sparksimandphones.co.uk/wp-content/uploads/2023/03/14-pro-5g.png,Simple,Apple > Apple Iphone 14 Pro 5G,2GB,Unlimited,Unlimited,440,45.42,Three,627,https://www.three.co.uk/shop/phones,24 Months
1760,5759,1,visible,https://sparksimandphones.co.uk/wp-content/uploads/2023/03/14-pro-5g.png,Simple,Apple > Apple Iphone 14 Pro 5G,2GB,Unlimited,Unlimited,440,50.42,Three,627,https://www.three.co.uk/shop/phones,24 Months
1761,5760,1,visible,https://sparksimandphones.co.uk/wp-content/uploads/2023/03/14-pro-max-5g.jpg,Simple,Apple > Apple Iphone 14 Pro 5G,10GB,Unlimited,Unlimited,99,49.99,ID_Mobile,726,https://www.idmobile.co.uk/shop/phones/pay-monthly,24 Months
1762,5761,1,visible,https://sparksimandphones.co.uk/wp-content/uploads/2023/03/14-pro-max-5g.jpg,Simple,Apple > Apple Iphone 14 Pro 5G,10GB,Unlimited,Unlimited,49,52.99,ID_Mobile,726,https://www.idmobile.co.uk/shop/phones/pay-monthly,24 Months
1763,5762,1,visible,https://sparksimandphones.co.uk/wp-content/uploads/2023/03/14-pro-max-5g.jpg,Simple,Apple > Apple Iphone 14 Pro 5G,50GB,Unlimited,Unlimited,99,50.99,ID_Mobile,726,https://www.idmobile.co.uk/shop/phones/pay-monthly,24 Months
1764,5763,1,visible,https://sparksimandphones.co.uk/wp-content/uploads/2023/03/14-pro-max-5g.jpg,Simple,Apple > Apple Iphone 14 Pro 5G,50GB,Unlimited,Unlimited,49,53.99,ID_Mobile,726,https://www.idmobile.co.uk/shop/phones/pay-monthly,24 Months
1765,5764,1,visible,https://sparksimandphones.co.uk/wp-content/uploads/2023/03/14-pro-max-5g.jpg,Simple,Apple > Apple Iphone 14 Pro 5G,100GB,Unlimited,Unlimited,99,51.99,ID_Mobile,726,https://www.idmobile.co.uk/shop/phones/pay-monthly,24 Months
1766,5765,1,visible,https://sparksimandphones.co.uk/wp-content/uploads/2023/03/14-pro-max-5g.jpg,Simple,Apple > Apple Iphone 14 Pro 5G,100GB,Unlimited,Unlimited,49,54.99,ID_Mobile,726,https://www.idmobile.co.uk/shop/phones/pay-monthly,24 Months
1767,5766,1,visible,https://sparksimandphones.co.uk/wp-content/uploads/2023/03/14-pro-max-5g.jpg,Simple,Apple > Apple Iphone 14 Pro 5G,Unlimited,Unlimited,Unlimited,99,53.99,ID_Mobile,726,https://www.idmobile.co.uk/shop/phones/pay-monthly,24 Months
1768,5767,1,visible,https://sparksimandphones.co.uk/wp-content/uploads/2023/03/14-pro-max-5g.jpg,Simple,Apple > Apple Iphone 14 Pro 5G,Unlimited,Unlimited,Unlimited,49,56.99,ID_Mobile,726,https://www.idmobile.co.uk/shop/phones/pay-monthly,24 Months
1769,5768,1,visible,https://sparksimandphones.co.uk/wp-content/uploads/2023/03/14-pro-max-5g.jpg,Simple,Apple > Apple Iphone 14 Pro 5G,10GB,Unlimited,Unlimited,179,52.99,ID_Mobile,726,https://www.idmobile.co.uk/shop/phones/pay-monthly,24 Months
1770,5769,1,visible,https://sparksimandphones.co.uk/wp-content/uploads/2023/03/14-pro-max-5g.jpg,Simple,Apple > Apple Iphone 14 Pro 5G,10GB,Unlimited,Unlimited,79,55.99,ID_Mobile,726,https://www.idmobile.co.uk/shop/phones/pay-monthly,24 Months
1771,5770,1,visible,https://sparksimandphones.co.uk/wp-content/uploads/2023/03/14-pro-max-5g.jpg,Simple,Apple > Apple Iphone 14 Pro 5G,50GB,Unlimited,Unlimited,129,53.99,ID_Mobile,726,https://www.idmobile.co.uk/shop/phones/pay-monthly,24 Months
1772,5771,1,visible,https://sparksimandphones.co.uk/wp-content/uploads/2023/03/14-pro-max-5g.jpg,Simple,Apple > Apple Iphone 14 Pro 5G,50GB,Unlimited,Unlimited,79,56.99,ID_Mobile,726,https://www.idmobile.co.uk/shop/phones/pay-monthly,24 Months
1773,5772,1,visible,https://sparksimandphones.co.uk/wp-content/uploads/2023/03/14-pro-max-5g.jpg,Simple,Apple > Apple Iphone 14 Pro 5G,100GB,Unlimited,Unlimited,129,54.99,ID_Mobile,726,https://www.idmobile.co.uk/shop/phones/pay-monthly,24 Months
1774,5773,1,visible,https://sparksimandphones.co.uk/wp-content/uploads/2023/03/14-pro-max-5g.jpg,Simple,Apple > Apple Iphone 14 Pro 5G,100GB,Unlimited,Unlimited,79,57.99,ID_Mobile,726,https://www.idmobile.co.uk/shop/phones/pay-monthly,24 Months
1775,5774,1,visible,https://sparksimandphones.co.uk/wp-content/uploads/2023/03/14-pro-max-5g.jpg,Simple,Apple > Apple Iphone 14 Pro 5G,Unlimited,Unlimited,Unlimited,129,56.99,ID_Mobile,726,https://www.idmobile.co.uk/shop/phones/pay-monthly,24 Months
1776,5775,1,visible,https://sparksimandphones.co.uk/wp-content/uploads/2023/03/14-pro-max-5g.jpg,Simple,Apple > Apple Iphone 14 Pro 5G,Unlimited,Unlimited,Unlimited,79,59.99,ID_Mobile,726,https://www.idmobile.co.uk/shop/phones/pay-monthly,24 Months
1777,5776,1,visible,https://sparksimandphones.co.uk/wp-content/uploads/2023/03/14-pro-max-5g.jpg,Simple,Apple > Apple Iphone 14 Pro 5G,10GB,Unlimited,Unlimited,189,59.99,ID_Mobile,726,https://www.idmobile.co.uk/shop/phones/pay-monthly,24 Months
1778,5777,1,visible,https://sparksimandphones.co.uk/wp-content/uploads/2023/03/14-pro-max-5g.jpg,Simple,Apple > Apple Iphone 14 Pro 5G,10GB,Unlimited,Unlimited,99,63.99,ID_Mobile,726,https://www.idmobile.co.uk/shop/phones/pay-monthly,24 Months
1779,5778,1,visible,https://sparksimandphones.co.uk/wp-content/uploads/2023/03/14-pro-max-5g.jpg,Simple,Apple > Apple Iphone 14 Pro 5G,50GB,Unlimited,Unlimited,189,60.99,ID_Mobile,726,https://www.idmobile.co.uk/shop/phones/pay-monthly,24 Months
1780,5779,1,visible,https://sparksimandphones.co.uk/wp-content/uploads/2023/03/14-pro-max-5g.jpg,Simple,Apple > Apple Iphone 14 Pro 5G,50GB,Unlimited,Unlimited,99,64.99,ID_Mobile,726,https://www.idmobile.co.uk/shop/phones/pay-monthly,24 Months
1781,5780,1,visible,https://sparksimandphones.co.uk/wp-content/uploads/2023/03/14-pro-max-5g.jpg,Simple,Apple > Apple Iphone 14 Pro 5G,100GB,Unlimited,Unlimited,189,61.99,ID_Mobile,726,https://www.idmobile.co.uk/shop/phones/pay-monthly,24 Months
1782,5781,1,visible,https://sparksimandphones.co.uk/wp-content/uploads/2023/03/14-pro-max-5g.jpg,Simple,Apple > Apple Iphone 14 Pro 5G,100GB,Unlimited,Unlimited,99,65.99,ID_Mobile,726,https://www.idmobile.co.uk/shop/phones/pay-monthly,24 Months
1783,5782,1,visible,https://sparksimandphones.co.uk/wp-content/uploads/2023/03/14-pro-max-5g.jpg,Simple,Apple > Apple Iphone 14 Pro 5G,Unlimited,Unlimited,Unlimited,189,63.99,ID_Mobile,726,https://www.idmobile.co.uk/shop/phones/pay-monthly,24 Months
1784,5783,1,visible,https://sparksimandphones.co.uk/wp-content/uploads/2023/03/14-pro-max-5g.jpg,Simple,Apple > Apple Iphone 14 Pro 5G,Unlimited,Unlimited,Unlimited,99,67.99,ID_Mobile,726,https://www.idmobile.co.uk/shop/phones/pay-monthly,24 Months
1785,5784,1,visible,https://sparksimandphones.co.uk/wp-content/uploads/2023/03/14-pro-max-5g.jpg,Simple,Apple > Apple Iphone 14 Pro 5G,50GB,Unlimited,Unlimited,179,69.99,ID_Mobile,726,https://www.idmobile.co.uk/shop/phones/pay-monthly,24 Months
1786,5785,1,visible,https://sparksimandphones.co.uk/wp-content/uploads/2023/03/14-pro-max-5g.jpg,Simple,Apple > Apple Iphone 14 Pro 5G,100GB,Unlimited,Unlimited,179,70.99,ID_Mobile,726,https://www.idmobile.co.uk/shop/phones/pay-monthly,24 Months
1787,5786,1,visible,https://sparksimandphones.co.uk/wp-content/uploads/2023/03/14-pro-max-5g.jpg,Simple,Apple > Apple Iphone 14 Pro 5G,Unlimited,Unlimited,Unlimited,179,72.99,ID_Mobile,726,https://www.idmobile.co.uk/shop/phones/pay-monthly,24 Months
1788,5787,1,visible,https://sparksimandphones.co.uk/wp-content/uploads/2023/03/14-pro-max-5g.jpg,Simple,Apple > Apple Iphone 14 Pro 5G,2GB,Unlimited,Unlimited,0,41,Virgin,724,https://www.virginmedia.com/mobile/pay-monthly,36 Months
1789,5788,1,visible,https://sparksimandphones.co.uk/wp-content/uploads/2023/03/14-pro-max-5g.jpg,Simple,Apple > Apple Iphone 14 Pro 5G,6GB,Unlimited,Unlimited,0,42,Virgin,724,https://www.virginmedia.com/mobile/pay-monthly,36 Months
1790,5789,1,visible,https://sparksimandphones.co.uk/wp-content/uploads/2023/03/14-pro-max-5g.jpg,Simple,Apple > Apple Iphone 14 Pro 5G,15GB,Unlimited,Unlimited,0,43,Virgin,724,https://www.virginmedia.com/mobile/pay-monthly,36 Months
1791,5790,1,visible,https://sparksimandphones.co.uk/wp-content/uploads/2023/03/14-pro-max-5g.jpg,Simple,Apple > Apple Iphone 14 Pro 5G,50GB,Unlimited,Unlimited,0,44,Virgin,724,https://www.virginmedia.com/mobile/pay-monthly,36 Months
1792,5791,1,visible,https://sparksimandphones.co.uk/wp-content/uploads/2023/03/14-pro-max-5g.jpg,Simple,Apple > Apple Iphone 14 Pro 5G,100GB,Unlimited,Unlimited,0,46,Virgin,724,https://www.virginmedia.com/mobile/pay-monthly,36 Months
1793,5792,1,visible,https://sparksimandphones.co.uk/wp-content/uploads/2023/03/14-pro-max-5g.jpg,Simple,Apple > Apple Iphone 14 Pro 5G,Unlimited,Unlimited,Unlimited,0,58,Virgin,724,https://www.virginmedia.com/mobile/pay-monthly,36 Months
1794,5793,1,visible,https://sparksimandphones.co.uk/wp-content/uploads/2023/03/14-pro-max-5g.jpg,Simple,Apple > Apple Iphone 14 Pro 5G,2GB,Unlimited,Unlimited,0,57.5,Virgin,724,https://www.virginmedia.com/mobile/pay-monthly,24 Months
1795,5794,1,visible,https://sparksimandphones.co.uk/wp-content/uploads/2023/03/14-pro-max-5g.jpg,Simple,Apple > Apple Iphone 14 Pro 5G,6GB,Unlimited,Unlimited,0,58.5,Virgin,724,https://www.virginmedia.com/mobile/pay-monthly,24 Months
1796,5795,1,visible,https://sparksimandphones.co.uk/wp-content/uploads/2023/03/14-pro-max-5g.jpg,Simple,Apple > Apple Iphone 14 Pro 5G,15GB,Unlimited,Unlimited,0,59.5,Virgin,724,https://www.virginmedia.com/mobile/pay-monthly,24 Months
1797,5796,1,visible,https://sparksimandphones.co.uk/wp-content/uploads/2023/03/14-pro-max-5g.jpg,Simple,Apple > Apple Iphone 14 Pro 5G,50GB,Unlimited,Unlimited,0,60.5,Virgin,724,https://www.virginmedia.com/mobile/pay-monthly,24 Months
1798,5797,1,visible,https://sparksimandphones.co.uk/wp-content/uploads/2023/03/14-pro-max-5g.jpg,Simple,Apple > Apple Iphone 14 Pro 5G,100GB,Unlimited,Unlimited,0,62.5,Virgin,724,https://www.virginmedia.com/mobile/pay-monthly,24 Months
1799,5798,1,visible,https://sparksimandphones.co.uk/wp-content/uploads/2023/03/14-pro-max-5g.jpg,Simple,Apple > Apple Iphone 14 Pro 5G,Unlimited,Unlimited,Unlimited,0,74.5,Virgin,724,https://www.virginmedia.com/mobile/pay-monthly,24 Months
1800,5799,1,visible,https://sparksimandphones.co.uk/wp-content/uploads/2023/03/14-pro-max-5g.jpg,Simple,Apple > Apple Iphone 14 Pro 5G,2GB,Unlimited,Unlimited,0,44.25,Virgin,724,https://www.virginmedia.com/mobile/pay-monthly,36 Months
1801,5800,1,visible,https://sparksimandphones.co.uk/wp-content/uploads/2023/03/14-pro-max-5g.jpg,Simple,Apple > Apple Iphone 14 Pro 5G,6GB,Unlimited,Unlimited,0,45.25,Virgin,724,https://www.virginmedia.com/mobile/pay-monthly,36 Months
1802,5801,1,visible,https://sparksimandphones.co.uk/wp-content/uploads/2023/03/14-pro-max-5g.jpg,Simple,Apple > Apple Iphone 14 Pro 5G,15GB,Unlimited,Unlimited,0,46.25,Virgin,724,https://www.virginmedia.com/mobile/pay-monthly,36 Months
1803,5802,1,visible,https://sparksimandphones.co.uk/wp-content/uploads/2023/03/14-pro-max-5g.jpg,Simple,Apple > Apple Iphone 14 Pro 5G,50GB,Unlimited,Unlimited,0,47.25,Virgin,724,https://www.virginmedia.com/mobile/pay-monthly,36 Months
1804,5803,1,visible,https://sparksimandphones.co.uk/wp-content/uploads/2023/03/14-pro-max-5g.jpg,Simple,Apple > Apple Iphone 14 Pro 5G,100GB,Unlimited,Unlimited,0,49.25,Virgin,724,https://www.virginmedia.com/mobile/pay-monthly,36 Months
1805,5804,1,visible,https://sparksimandphones.co.uk/wp-content/uploads/2023/03/14-pro-max-5g.jpg,Simple,Apple > Apple Iphone 14 Pro 5G,Unlimited,Unlimited,Unlimited,0,61.25,Virgin,724,https://www.virginmedia.com/mobile/pay-monthly,36 Months
1806,5805,1,visible,https://sparksimandphones.co.uk/wp-content/uploads/2023/03/14-pro-max-5g.jpg,Simple,Apple > Apple Iphone 14 Pro 5G,2GB,Unlimited,Unlimited,0,62.38,Virgin,724,https://www.virginmedia.com/mobile/pay-monthly,24 Months
1807,5806,1,visible,https://sparksimandphones.co.uk/wp-content/uploads/2023/03/14-pro-max-5g.jpg,Simple,Apple > Apple Iphone 14 Pro 5G,6GB,Unlimited,Unlimited,0,63.38,Virgin,724,https://www.virginmedia.com/mobile/pay-monthly,24 Months
1808,5807,1,visible,https://sparksimandphones.co.uk/wp-content/uploads/2023/03/14-pro-max-5g.jpg,Simple,Apple > Apple Iphone 14 Pro 5G,15GB,Unlimited,Unlimited,0,64.38,Virgin,724,https://www.virginmedia.com/mobile/pay-monthly,24 Months
1809,5808,1,visible,https://sparksimandphones.co.uk/wp-content/uploads/2023/03/14-pro-max-5g.jpg,Simple,Apple > Apple Iphone 14 Pro 5G,50GB,Unlimited,Unlimited,0,65.38,Virgin,724,https://www.virginmedia.com/mobile/pay-monthly,24 Months
1810,5809,1,visible,https://sparksimandphones.co.uk/wp-content/uploads/2023/03/14-pro-max-5g.jpg,Simple,Apple > Apple Iphone 14 Pro 5G,100GB,Unlimited,Unlimited,0,67.38,Virgin,724,https://www.virginmedia.com/mobile/pay-monthly,24 Months
1811,5810,1,visible,https://sparksimandphones.co.uk/wp-content/uploads/2023/03/14-pro-max-5g.jpg,Simple,Apple > Apple Iphone 14 Pro 5G,Unlimited,Unlimited,Unlimited,0,79.38,Virgin,724,https://www.virginmedia.com/mobile/pay-monthly,24 Months
1812,5811,1,visible,https://sparksimandphones.co.uk/wp-content/uploads/2023/03/14-pro-max-5g.jpg,Simple,Apple > Apple Iphone 14 Pro 5G,2GB,Unlimited,Unlimited,0,47,Virgin,724,https://www.virginmedia.com/mobile/pay-monthly,36 Months
1813,5812,1,visible,https://sparksimandphones.co.uk/wp-content/uploads/2023/03/14-pro-max-5g.jpg,Simple,Apple > Apple Iphone 14 Pro 5G,6GB,Unlimited,Unlimited,0,48,Virgin,724,https://www.virginmedia.com/mobile/pay-monthly,36 Months
1814,5813,1,visible,https://sparksimandphones.co.uk/wp-content/uploads/2023/03/14-pro-max-5g.jpg,Simple,Apple > Apple Iphone 14 Pro 5G,15GB,Unlimited,Unlimited,0,49,Virgin,724,https://www.virginmedia.com/mobile/pay-monthly,36 Months
1815,5814,1,visible,https://sparksimandphones.co.uk/wp-content/uploads/2023/03/14-pro-max-5g.jpg,Simple,Apple > Apple Iphone 14 Pro 5G,50GB,Unlimited,Unlimited,0,50,Virgin,724,https://www.virginmedia.com/mobile/pay-monthly,36 Months
1816,5815,1,visible,https://sparksimandphones.co.uk/wp-content/uploads/2023/03/14-pro-max-5g.jpg,Simple,Apple > Apple Iphone 14 Pro 5G,100GB,Unlimited,Unlimited,0,52,Virgin,724,https://www.virginmedia.com/mobile/pay-monthly,36 Months
1817,5816,1,visible,https://sparksimandphones.co.uk/wp-content/uploads/2023/03/14-pro-max-5g.jpg,Simple,Apple > Apple Iphone 14 Pro 5G,Unlimited,Unlimited,Unlimited,0,64,Virgin,724,https://www.virginmedia.com/mobile/pay-monthly,36 Months
1818,5817,1,visible,https://sparksimandphones.co.uk/wp-content/uploads/2023/03/14-pro-max-5g.jpg,Simple,Apple > Apple Iphone 14 Pro 5G,2GB,Unlimited,Unlimited,0,68,Virgin,724,https://www.virginmedia.com/mobile/pay-monthly,24 Months
1819,5818,1,visible,https://sparksimandphones.co.uk/wp-content/uploads/2023/03/14-pro-max-5g.jpg,Simple,Apple > Apple Iphone 14 Pro 5G,6GB,Unlimited,Unlimited,0,69,Virgin,724,https://www.virginmedia.com/mobile/pay-monthly,24 Months
1820,5819,1,visible,https://sparksimandphones.co.uk/wp-content/uploads/2023/03/14-pro-max-5g.jpg,Simple,Apple > Apple Iphone 14 Pro 5G,15GB,Unlimited,Unlimited,0,70,Virgin,724,https://www.virginmedia.com/mobile/pay-monthly,24 Months
1821,5820,1,visible,https://sparksimandphones.co.uk/wp-content/uploads/2023/03/14-pro-max-5g.jpg,Simple,Apple > Apple Iphone 14 Pro 5G,50GB,Unlimited,Unlimited,0,71,Virgin,724,https://www.virginmedia.com/mobile/pay-monthly,24 Months
1822,5821,1,visible,https://sparksimandphones.co.uk/wp-content/uploads/2023/03/14-pro-max-5g.jpg,Simple,Apple > Apple Iphone 14 Pro 5G,100GB,Unlimited,Unlimited,0,73,Virgin,724,https://www.virginmedia.com/mobile/pay-monthly,24 Months
1823,5822,1,visible,https://sparksimandphones.co.uk/wp-content/uploads/2023/03/14-pro-max-5g.jpg,Simple,Apple > Apple Iphone 14 Pro 5G,Unlimited,Unlimited,Unlimited,0,85,Virgin,724,https://www.virginmedia.com/mobile/pay-monthly,24 Months
1824,5823,1,visible,https://sparksimandphones.co.uk/wp-content/uploads/2023/03/14-pro-max-5g.jpg,Simple,Apple > Apple Iphone 14 Pro 5G,2GB,Unlimited,Unlimited,0,53,Virgin,724,https://www.virginmedia.com/mobile/pay-monthly,36 Months
1825,5824,1,visible,https://sparksimandphones.co.uk/wp-content/uploads/2023/03/14-pro-max-5g.jpg,Simple,Apple > Apple Iphone 14 Pro 5G,6GB,Unlimited,Unlimited,0,54,Virgin,724,https://www.virginmedia.com/mobile/pay-monthly,36 Months
1826,5825,1,visible,https://sparksimandphones.co.uk/wp-content/uploads/2023/03/14-pro-max-5g.jpg,Simple,Apple > Apple Iphone 14 Pro 5G,15GB,Unlimited,Unlimited,0,55,Virgin,724,https://www.virginmedia.com/mobile/pay-monthly,36 Months
1827,5826,1,visible,https://sparksimandphones.co.uk/wp-content/uploads/2023/03/14-pro-max-5g.jpg,Simple,Apple > Apple Iphone 14 Pro 5G,50GB,Unlimited,Unlimited,0,56,Virgin,724,https://www.virginmedia.com/mobile/pay-monthly,36 Months
1828,5827,1,visible,https://sparksimandphones.co.uk/wp-content/uploads/2023/03/14-pro-max-5g.jpg,Simple,Apple > Apple Iphone 14 Pro 5G,100GB,Unlimited,Unlimited,0,58,Virgin,724,https://www.virginmedia.com/mobile/pay-monthly,36 Months
1829,5828,1,visible,https://sparksimandphones.co.uk/wp-content/uploads/2023/03/14-pro-max-5g.jpg,Simple,Apple > Apple Iphone 14 Pro 5G,Unlimited,Unlimited,Unlimited,0,70,Virgin,724,https://www.virginmedia.com/mobile/pay-monthly,36 Months
1830,5829,1,visible,https://sparksimandphones.co.uk/wp-content/uploads/2023/03/14-pro-max-5g.jpg,Simple,Apple > Apple Iphone 14 Pro 5G,2GB,Unlimited,Unlimited,0,77,Virgin,724,https://www.virginmedia.com/mobile/pay-monthly,24 Months
1831,5830,1,visible,https://sparksimandphones.co.uk/wp-content/uploads/2023/03/14-pro-max-5g.jpg,Simple,Apple > Apple Iphone 14 Pro 5G,6GB,Unlimited,Unlimited,0,78,Virgin,724,https://www.virginmedia.com/mobile/pay-monthly,24 Months
1832,5831,1,visible,https://sparksimandphones.co.uk/wp-content/uploads/2023/03/14-pro-max-5g.jpg,Simple,Apple > Apple Iphone 14 Pro 5G,15GB,Unlimited,Unlimited,0,79,Virgin,724,https://www.virginmedia.com/mobile/pay-monthly,24 Months
1833,5832,1,visible,https://sparksimandphones.co.uk/wp-content/uploads/2023/03/14-pro-max-5g.jpg,Simple,Apple > Apple Iphone 14 Pro 5G,50GB,Unlimited,Unlimited,0,80,Virgin,724,https://www.virginmedia.com/mobile/pay-monthly,24 Months
1834,5833,1,visible,https://sparksimandphones.co.uk/wp-content/uploads/2023/03/14-pro-max-5g.jpg,Simple,Apple > Apple Iphone 14 Pro 5G,100GB,Unlimited,Unlimited,0,82,Virgin,724,https://www.virginmedia.com/mobile/pay-monthly,24 Months
1835,5834,1,visible,https://sparksimandphones.co.uk/wp-content/uploads/2023/03/14-pro-max-5g.jpg,Simple,Apple > Apple Iphone 14 Pro 5G,Unlimited,Unlimited,Unlimited,0,94,Virgin,724,https://www.virginmedia.com/mobile/pay-monthly,24 Months
1836,5835,1,visible,https://sparksimandphones.co.uk/wp-content/uploads/2023/03/14-pro-max-5g.jpg,Simple,Apple > Apple Iphone 14 Pro 5G,1GB,Unlimited,Unlimited,30,46.25,O2,265,https://www.o2.co.uk/shop,36 Months
1837,5836,1,visible,https://sparksimandphones.co.uk/wp-content/uploads/2023/03/14-pro-max-5g.jpg,Simple,Apple > Apple Iphone 14 Pro 5G,5GB,Unlimited,Unlimited,30,49.25,O2,265,https://www.o2.co.uk/shop,36 Months
1838,5837,1,visible,https://sparksimandphones.co.uk/wp-content/uploads/2023/03/14-pro-max-5g.jpg,Simple,Apple > Apple Iphone 14 Pro 5G,25GB,Unlimited,Unlimited,30,52.25,O2,265,https://www.o2.co.uk/shop,36 Months
1839,5838,1,visible,https://sparksimandphones.co.uk/wp-content/uploads/2023/03/14-pro-max-5g.jpg,Simple,Apple > Apple Iphone 14 Pro 5G,30GB,Unlimited,Unlimited,30,55.24,O2,265,https://www.o2.co.uk/shop,36 Months
1840,5839,1,visible,https://sparksimandphones.co.uk/wp-content/uploads/2023/03/14-pro-max-5g.jpg,Simple,Apple > Apple Iphone 14 Pro 5G,125GB,Unlimited,Unlimited,30,50.25,O2,265,https://www.o2.co.uk/shop,36 Months
1841,5840,1,visible,https://sparksimandphones.co.uk/wp-content/uploads/2023/03/14-pro-max-5g.jpg,Simple,Apple > Apple Iphone 14 Pro 5G,150GB,Unlimited,Unlimited,30,53.24,O2,265,https://www.o2.co.uk/shop,36 Months
1842,5841,1,visible,https://sparksimandphones.co.uk/wp-content/uploads/2023/03/14-pro-max-5g.jpg,Simple,Apple > Apple Iphone 14 Pro 5G,Unlimited,Unlimited,Unlimited,30,55.25,O2,265,https://www.o2.co.uk/shop,36 Months
1843,5842,1,visible,https://sparksimandphones.co.uk/wp-content/uploads/2023/03/14-pro-max-5g.jpg,Simple,Apple > Apple Iphone 14 Pro 5G,Unlimited,Unlimited,Unlimited,30,59.24,O2,265,https://www.o2.co.uk/shop,36 Months
1844,5843,1,visible,https://sparksimandphones.co.uk/wp-content/uploads/2023/03/14-pro-max-5g.jpg,Simple,Apple > Apple Iphone 14 Pro 5G,1GB,Unlimited,Unlimited,30,60.87,O2,265,https://www.o2.co.uk/shop,24 Months
1845,5844,1,visible,https://sparksimandphones.co.uk/wp-content/uploads/2023/03/14-pro-max-5g.jpg,Simple,Apple > Apple Iphone 14 Pro 5G,5GB,Unlimited,Unlimited,30,63.87,O2,265,https://www.o2.co.uk/shop,24 Months
1846,5845,1,visible,https://sparksimandphones.co.uk/wp-content/uploads/2023/03/14-pro-max-5g.jpg,Simple,Apple > Apple Iphone 14 Pro 5G,25GB,Unlimited,Unlimited,30,66.87,O2,265,https://www.o2.co.uk/shop,24 Months
1847,5846,1,visible,https://sparksimandphones.co.uk/wp-content/uploads/2023/03/14-pro-max-5g.jpg,Simple,Apple > Apple Iphone 14 Pro 5G,30GB,Unlimited,Unlimited,30,69.86,O2,265,https://www.o2.co.uk/shop,24 Months
1848,5847,1,visible,https://sparksimandphones.co.uk/wp-content/uploads/2023/03/14-pro-max-5g.jpg,Simple,Apple > Apple Iphone 14 Pro 5G,125GB,Unlimited,Unlimited,30,64.87,O2,265,https://www.o2.co.uk/shop,24 Months
1849,5848,1,visible,https://sparksimandphones.co.uk/wp-content/uploads/2023/03/14-pro-max-5g.jpg,Simple,Apple > Apple Iphone 14 Pro 5G,150GB,Unlimited,Unlimited,30,67.86,O2,265,https://www.o2.co.uk/shop,24 Months
1850,5849,1,visible,https://sparksimandphones.co.uk/wp-content/uploads/2023/03/14-pro-max-5g.jpg,Simple,Apple > Apple Iphone 14 Pro 5G,Unlimited,Unlimited,Unlimited,30,69.87,O2,265,https://www.o2.co.uk/shop,24 Months
1851,5850,1,visible,https://sparksimandphones.co.uk/wp-content/uploads/2023/03/14-pro-max-5g.jpg,Simple,Apple > Apple Iphone 14 Pro 5G,Unlimited,Unlimited,Unlimited,30,73.86,O2,265,https://www.o2.co.uk/shop,24 Months
1852,5851,1,visible,https://sparksimandphones.co.uk/wp-content/uploads/2023/03/14-pro-max-5g.jpg,Simple,Apple > Apple Iphone 14 Pro 5G,1GB,Unlimited,Unlimited,130,56.7,O2,265,https://www.o2.co.uk/shop,24 Months
1853,5852,1,visible,https://sparksimandphones.co.uk/wp-content/uploads/2023/03/14-pro-max-5g.jpg,Simple,Apple > Apple Iphone 14 Pro 5G,5GB,Unlimited,Unlimited,130,59.7,O2,265,https://www.o2.co.uk/shop,24 Months
1854,5853,1,visible,https://sparksimandphones.co.uk/wp-content/uploads/2023/03/14-pro-max-5g.jpg,Simple,Apple > Apple Iphone 14 Pro 5G,25GB,Unlimited,Unlimited,130,62.7,O2,265,https://www.o2.co.uk/shop,24 Months
1855,5854,1,visible,https://sparksimandphones.co.uk/wp-content/uploads/2023/03/14-pro-max-5g.jpg,Simple,Apple > Apple Iphone 14 Pro 5G,30GB,Unlimited,Unlimited,130,65.7,O2,265,https://www.o2.co.uk/shop,24 Months
1856,5855,1,visible,https://sparksimandphones.co.uk/wp-content/uploads/2023/03/14-pro-max-5g.jpg,Simple,Apple > Apple Iphone 14 Pro 5G,125GB,Unlimited,Unlimited,130,60.7,O2,265,https://www.o2.co.uk/shop,24 Months
1857,5856,1,visible,https://sparksimandphones.co.uk/wp-content/uploads/2023/03/14-pro-max-5g.jpg,Simple,Apple > Apple Iphone 14 Pro 5G,150GB,Unlimited,Unlimited,130,63.69,O2,265,https://www.o2.co.uk/shop,24 Months
1858,5857,1,visible,https://sparksimandphones.co.uk/wp-content/uploads/2023/03/14-pro-max-5g.jpg,Simple,Apple > Apple Iphone 14 Pro 5G,Unlimited,Unlimited,Unlimited,130,65.7,O2,265,https://www.o2.co.uk/shop,24 Months
1859,5858,1,visible,https://sparksimandphones.co.uk/wp-content/uploads/2023/03/14-pro-max-5g.jpg,Simple,Apple > Apple Iphone 14 Pro 5G,Unlimited,Unlimited,Unlimited,130,69.69,O2,265,https://www.o2.co.uk/shop,24 Months
1860,5859,1,visible,https://sparksimandphones.co.uk/wp-content/uploads/2023/03/14-pro-max-5g.jpg,Simple,Apple > Apple Iphone 14 Pro 5G,1GB,Unlimited,Unlimited,100,57.95,O2,265,https://www.o2.co.uk/shop,24 Months
1861,5860,1,visible,https://sparksimandphones.co.uk/wp-content/uploads/2023/03/14-pro-max-5g.jpg,Simple,Apple > Apple Iphone 14 Pro 5G,5GB,Unlimited,Unlimited,100,60.95,O2,265,https://www.o2.co.uk/shop,24 Months
1862,5861,1,visible,https://sparksimandphones.co.uk/wp-content/uploads/2023/03/14-pro-max-5g.jpg,Simple,Apple > Apple Iphone 14 Pro 5G,25GB,Unlimited,Unlimited,100,63.95,O2,265,https://www.o2.co.uk/shop,24 Months
1863,5862,1,visible,https://sparksimandphones.co.uk/wp-content/uploads/2023/03/14-pro-max-5g.jpg,Simple,Apple > Apple Iphone 14 Pro 5G,30GB,Unlimited,Unlimited,100,66.94,O2,265,https://www.o2.co.uk/shop,24 Months
1864,5863,1,visible,https://sparksimandphones.co.uk/wp-content/uploads/2023/03/14-pro-max-5g.jpg,Simple,Apple > Apple Iphone 14 Pro 5G,125GB,Unlimited,Unlimited,100,61.95,O2,265,https://www.o2.co.uk/shop,24 Months
1865,5864,1,visible,https://sparksimandphones.co.uk/wp-content/uploads/2023/03/14-pro-max-5g.jpg,Simple,Apple > Apple Iphone 14 Pro 5G,150GB,Unlimited,Unlimited,100,64.94,O2,265,https://www.o2.co.uk/shop,24 Months
1866,5865,1,visible,https://sparksimandphones.co.uk/wp-content/uploads/2023/03/14-pro-max-5g.jpg,Simple,Apple > Apple Iphone 14 Pro 5G,Unlimited,Unlimited,Unlimited,100,66.95,O2,265,https://www.o2.co.uk/shop,24 Months
1867,5866,1,visible,https://sparksimandphones.co.uk/wp-content/uploads/2023/03/14-pro-max-5g.jpg,Simple,Apple > Apple Iphone 14 Pro 5G,Unlimited,Unlimited,Unlimited,100,70.94,O2,265,https://www.o2.co.uk/shop,24 Months
1868,5867,1,visible,https://sparksimandphones.co.uk/wp-content/uploads/2023/03/14-pro-max-5g.jpg,Simple,Apple > Apple Iphone 14 Pro 5G,1GB,Unlimited,Unlimited,300,49.62,O2,265,https://www.o2.co.uk/shop,24 Months
1869,5868,1,visible,https://sparksimandphones.co.uk/wp-content/uploads/2023/03/14-pro-max-5g.jpg,Simple,Apple > Apple Iphone 14 Pro 5G,5GB,Unlimited,Unlimited,300,52.62,O2,265,https://www.o2.co.uk/shop,24 Months
1870,5869,1,visible,https://sparksimandphones.co.uk/wp-content/uploads/2023/03/14-pro-max-5g.jpg,Simple,Apple > Apple Iphone 14 Pro 5G,25GB,Unlimited,Unlimited,300,55.62,O2,265,https://www.o2.co.uk/shop,24 Months
1871,5870,1,visible,https://sparksimandphones.co.uk/wp-content/uploads/2023/03/14-pro-max-5g.jpg,Simple,Apple > Apple Iphone 14 Pro 5G,30GB,Unlimited,Unlimited,300,58.61,O2,265,https://www.o2.co.uk/shop,24 Months
1872,5871,1,visible,https://sparksimandphones.co.uk/wp-content/uploads/2023/03/14-pro-max-5g.jpg,Simple,Apple > Apple Iphone 14 Pro 5G,125GB,Unlimited,Unlimited,300,53.62,O2,265,https://www.o2.co.uk/shop,24 Months
1873,5872,1,visible,https://sparksimandphones.co.uk/wp-content/uploads/2023/03/14-pro-max-5g.jpg,Simple,Apple > Apple Iphone 14 Pro 5G,150GB,Unlimited,Unlimited,300,56.61,O2,265,https://www.o2.co.uk/shop,24 Months
1874,5873,1,visible,https://sparksimandphones.co.uk/wp-content/uploads/2023/03/14-pro-max-5g.jpg,Simple,Apple > Apple Iphone 14 Pro 5G,Unlimited,Unlimited,Unlimited,300,58.62,O2,265,https://www.o2.co.uk/shop,24 Months
1875,5874,1,visible,https://sparksimandphones.co.uk/wp-content/uploads/2023/03/14-pro-max-5g.jpg,Simple,Apple > Apple Iphone 14 Pro 5G,Unlimited,Unlimited,Unlimited,300,62.61,O2,265,https://www.o2.co.uk/shop,24 Months
1876,5875,1,visible,https://sparksimandphones.co.uk/wp-content/uploads/2023/03/14-pro-max-5g.jpg,Simple,Apple > Apple Iphone 14 Pro 5G,1GB,Unlimited,Unlimited,390,45.87,O2,265,https://www.o2.co.uk/shop,24 Months
1877,5876,1,visible,https://sparksimandphones.co.uk/wp-content/uploads/2023/03/14-pro-max-5g.jpg,Simple,Apple > Apple Iphone 14 Pro 5G,5GB,Unlimited,Unlimited,390,48.87,O2,265,https://www.o2.co.uk/shop,24 Months
1878,5877,1,visible,https://sparksimandphones.co.uk/wp-content/uploads/2023/03/14-pro-max-5g.jpg,Simple,Apple > Apple Iphone 14 Pro 5G,25GB,Unlimited,Unlimited,390,51.87,O2,265,https://www.o2.co.uk/shop,24 Months
1879,5878,1,visible,https://sparksimandphones.co.uk/wp-content/uploads/2023/03/14-pro-max-5g.jpg,Simple,Apple > Apple Iphone 14 Pro 5G,30GB,Unlimited,Unlimited,390,54.86,O2,265,https://www.o2.co.uk/shop,24 Months
1880,5879,1,visible,https://sparksimandphones.co.uk/wp-content/uploads/2023/03/14-pro-max-5g.jpg,Simple,Apple > Apple Iphone 14 Pro 5G,125GB,Unlimited,Unlimited,390,49.87,O2,265,https://www.o2.co.uk/shop,24 Months
1881,5880,1,visible,https://sparksimandphones.co.uk/wp-content/uploads/2023/03/14-pro-max-5g.jpg,Simple,Apple > Apple Iphone 14 Pro 5G,150GB,Unlimited,Unlimited,390,52.86,O2,265,https://www.o2.co.uk/shop,24 Months
1882,5881,1,visible,https://sparksimandphones.co.uk/wp-content/uploads/2023/03/14-pro-max-5g.jpg,Simple,Apple > Apple Iphone 14 Pro 5G,Unlimited,Unlimited,Unlimited,390,54.87,O2,265,https://www.o2.co.uk/shop,24 Months
1883,5882,1,visible,https://sparksimandphones.co.uk/wp-content/uploads/2023/03/14-pro-max-5g.jpg,Simple,Apple > Apple Iphone 14 Pro 5G,Unlimited,Unlimited,Unlimited,390,58.86,O2,265,https://www.o2.co.uk/shop,24 Months
1884,5883,1,visible,https://sparksimandphones.co.uk/wp-content/uploads/2023/03/14-pro-max-5g.jpg,Simple,Apple > Apple Iphone 14 Pro 5G,1GB,Unlimited,Unlimited,460,45.23,O2,265,https://www.o2.co.uk/shop,36 Months
1885,5884,1,visible,https://sparksimandphones.co.uk/wp-content/uploads/2023/03/14-pro-max-5g.jpg,Simple,Apple > Apple Iphone 14 Pro 5G,5GB,Unlimited,Unlimited,460,48.23,O2,265,https://www.o2.co.uk/shop,36 Months
1886,5885,1,visible,https://sparksimandphones.co.uk/wp-content/uploads/2023/03/14-pro-max-5g.jpg,Simple,Apple > Apple Iphone 14 Pro 5G,25GB,Unlimited,Unlimited,460,51.23,O2,265,https://www.o2.co.uk/shop,36 Months
1887,5886,1,visible,https://sparksimandphones.co.uk/wp-content/uploads/2023/03/14-pro-max-5g.jpg,Simple,Apple > Apple Iphone 14 Pro 5G,30GB,Unlimited,Unlimited,460,54.22,O2,265,https://www.o2.co.uk/shop,36 Months
1888,5887,1,visible,https://sparksimandphones.co.uk/wp-content/uploads/2023/03/14-pro-max-5g.jpg,Simple,Apple > Apple Iphone 14 Pro 5G,125GB,Unlimited,Unlimited,460,49.23,O2,265,https://www.o2.co.uk/shop,36 Months
1889,5888,1,visible,https://sparksimandphones.co.uk/wp-content/uploads/2023/03/14-pro-max-5g.jpg,Simple,Apple > Apple Iphone 14 Pro 5G,150GB,Unlimited,Unlimited,460,52.22,O2,265,https://www.o2.co.uk/shop,36 Months
1890,5889,1,visible,https://sparksimandphones.co.uk/wp-content/uploads/2023/03/14-pro-max-5g.jpg,Simple,Apple > Apple Iphone 14 Pro 5G,Unlimited,Unlimited,Unlimited,460,54.23,O2,265,https://www.o2.co.uk/shop,36 Months
1891,5890,1,visible,https://sparksimandphones.co.uk/wp-content/uploads/2023/03/14-pro-max-5g.jpg,Simple,Apple > Apple Iphone 14 Pro 5G,Unlimited,Unlimited,Unlimited,460,57.22,O2,265,https://www.o2.co.uk/shop,36 Months
1892,5891,1,visible,https://sparksimandphones.co.uk/wp-content/uploads/2023/03/14-pro-max-5g.jpg,Simple,Apple > Apple Iphone 14 Pro 5G,Unlimited,Unlimited,Unlimited,55,55.83,Three,627,https://www.three.co.uk/shop/phones,36 Months
1893,5892,1,visible,https://sparksimandphones.co.uk/wp-content/uploads/2023/03/14-pro-max-5g.jpg,Simple,Apple > Apple Iphone 14 Pro 5G,Unlimited,Unlimited,Unlimited,55,60.83,Three,627,https://www.three.co.uk/shop/phones,36 Months
1894,5893,1,visible,https://sparksimandphones.co.uk/wp-content/uploads/2023/03/14-pro-max-5g.jpg,Simple,Apple > Apple Iphone 14 Pro 5G,Unlimited,Unlimited,Unlimited,55,65.83,Three,627,https://www.three.co.uk/shop/phones,36 Months
1895,5894,1,visible,https://sparksimandphones.co.uk/wp-content/uploads/2023/03/14-pro-max-5g.jpg,Simple,Apple > Apple Iphone 14 Pro 5G,300GB,Unlimited,Unlimited,55,53.83,Three,627,https://www.three.co.uk/shop/phones,36 Months
1896,5895,1,visible,https://sparksimandphones.co.uk/wp-content/uploads/2023/03/14-pro-max-5g.jpg,Simple,Apple > Apple Iphone 14 Pro 5G,300GB,Unlimited,Unlimited,55,58.83,Three,627,https://www.three.co.uk/shop/phones,36 Months
1897,5896,1,visible,https://sparksimandphones.co.uk/wp-content/uploads/2023/03/14-pro-max-5g.jpg,Simple,Apple > Apple Iphone 14 Pro 5G,300GB,Unlimited,Unlimited,55,63.83,Three,627,https://www.three.co.uk/shop/phones,36 Months
1898,5897,1,visible,https://sparksimandphones.co.uk/wp-content/uploads/2023/03/14-pro-max-5g.jpg,Simple,Apple > Apple Iphone 14 Pro 5G,150GB,Unlimited,Unlimited,55,51.83,Three,627,https://www.three.co.uk/shop/phones,36 Months
1899,5898,1,visible,https://sparksimandphones.co.uk/wp-content/uploads/2023/03/14-pro-max-5g.jpg,Simple,Apple > Apple Iphone 14 Pro 5G,150GB,Unlimited,Unlimited,55,56.83,Three,627,https://www.three.co.uk/shop/phones,36 Months
1900,5899,1,visible,https://sparksimandphones.co.uk/wp-content/uploads/2023/03/14-pro-max-5g.jpg,Simple,Apple > Apple Iphone 14 Pro 5G,150GB,Unlimited,Unlimited,55,61.83,Three,627,https://www.three.co.uk/shop/phones,36 Months
1901,5900,1,visible,https://sparksimandphones.co.uk/wp-content/uploads/2023/03/14-pro-max-5g.jpg,Simple,Apple > Apple Iphone 14 Pro 5G,30GB,Unlimited,Unlimited,55,47.83,Three,627,https://www.three.co.uk/shop/phones,36 Months
1902,5901,1,visible,https://sparksimandphones.co.uk/wp-content/uploads/2023/03/14-pro-max-5g.jpg,Simple,Apple > Apple Iphone 14 Pro 5G,30GB,Unlimited,Unlimited,55,52.83,Three,627,https://www.three.co.uk/shop/phones,36 Months
1903,5902,1,visible,https://sparksimandphones.co.uk/wp-content/uploads/2023/03/14-pro-max-5g.jpg,Simple,Apple > Apple Iphone 14 Pro 5G,30GB,Unlimited,Unlimited,55,57.83,Three,627,https://www.three.co.uk/shop/phones,36 Months
1904,5903,1,visible,https://sparksimandphones.co.uk/wp-content/uploads/2023/03/14-pro-max-5g.jpg,Simple,Apple > Apple Iphone 14 Pro 5G,15GB,Unlimited,Unlimited,55,45.83,Three,627,https://www.three.co.uk/shop/phones,36 Months
1905,5904,1,visible,https://sparksimandphones.co.uk/wp-content/uploads/2023/03/14-pro-max-5g.jpg,Simple,Apple > Apple Iphone 14 Pro 5G,15GB,Unlimited,Unlimited,55,50.83,Three,627,https://www.three.co.uk/shop/phones,36 Months
1906,5905,1,visible,https://sparksimandphones.co.uk/wp-content/uploads/2023/03/14-pro-max-5g.jpg,Simple,Apple > Apple Iphone 14 Pro 5G,15GB,Unlimited,Unlimited,55,55.83,Three,627,https://www.three.co.uk/shop/phones,36 Months
1907,5906,1,visible,https://sparksimandphones.co.uk/wp-content/uploads/2023/03/14-pro-max-5g.jpg,Simple,Apple > Apple Iphone 14 Pro 5G,5GB,Unlimited,Unlimited,55,42.83,Three,627,https://www.three.co.uk/shop/phones,36 Months
1908,5907,1,visible,https://sparksimandphones.co.uk/wp-content/uploads/2023/03/14-pro-max-5g.jpg,Simple,Apple > Apple Iphone 14 Pro 5G,5GB,Unlimited,Unlimited,55,47.83,Three,627,https://www.three.co.uk/shop/phones,36 Months
1909,5908,1,visible,https://sparksimandphones.co.uk/wp-content/uploads/2023/03/14-pro-max-5g.jpg,Simple,Apple > Apple Iphone 14 Pro 5G,5GB,Unlimited,Unlimited,55,52.83,Three,627,https://www.three.co.uk/shop/phones,36 Months
1910,5909,1,visible,https://sparksimandphones.co.uk/wp-content/uploads/2023/03/14-pro-max-5g.jpg,Simple,Apple > Apple Iphone 14 Pro 5G,2GB,Unlimited,Unlimited,55,41.83,Three,627,https://www.three.co.uk/shop/phones,36 Months
1911,5910,1,visible,https://sparksimandphones.co.uk/wp-content/uploads/2023/03/14-pro-max-5g.jpg,Simple,Apple > Apple Iphone 14 Pro 5G,2GB,Unlimited,Unlimited,55,46.83,Three,627,https://www.three.co.uk/shop/phones,36 Months
1912,5911,1,visible,https://sparksimandphones.co.uk/wp-content/uploads/2023/03/14-pro-max-5g.jpg,Simple,Apple > Apple Iphone 14 Pro 5G,2GB,Unlimited,Unlimited,55,51.83,Three,627,https://www.three.co.uk/shop/phones,36 Months
1913,5912,1,visible,https://sparksimandphones.co.uk/wp-content/uploads/2023/03/14-pro-max-5g.jpg,Simple,Apple > Apple Iphone 14 Pro 5G,Unlimited,Unlimited,Unlimited,55,70.46,Three,627,https://www.three.co.uk/shop/phones,24 Months
1914,5913,1,visible,https://sparksimandphones.co.uk/wp-content/uploads/2023/03/14-pro-max-5g.jpg,Simple,Apple > Apple Iphone 14 Pro 5G,Unlimited,Unlimited,Unlimited,55,75.46,Three,627,https://www.three.co.uk/shop/phones,24 Months
1915,5914,1,visible,https://sparksimandphones.co.uk/wp-content/uploads/2023/03/14-pro-max-5g.jpg,Simple,Apple > Apple Iphone 14 Pro 5G,Unlimited,Unlimited,Unlimited,55,80.46,Three,627,https://www.three.co.uk/shop/phones,24 Months
1916,5915,1,visible,https://sparksimandphones.co.uk/wp-content/uploads/2023/03/14-pro-max-5g.jpg,Simple,Apple > Apple Iphone 14 Pro 5G,300GB,Unlimited,Unlimited,55,68.46,Three,627,https://www.three.co.uk/shop/phones,24 Months
1917,5916,1,visible,https://sparksimandphones.co.uk/wp-content/uploads/2023/03/14-pro-max-5g.jpg,Simple,Apple > Apple Iphone 14 Pro 5G,300GB,Unlimited,Unlimited,55,73.46,Three,627,https://www.three.co.uk/shop/phones,24 Months
1918,5917,1,visible,https://sparksimandphones.co.uk/wp-content/uploads/2023/03/14-pro-max-5g.jpg,Simple,Apple > Apple Iphone 14 Pro 5G,300GB,Unlimited,Unlimited,55,78.46,Three,627,https://www.three.co.uk/shop/phones,24 Months
1919,5918,1,visible,https://sparksimandphones.co.uk/wp-content/uploads/2023/03/14-pro-max-5g.jpg,Simple,Apple > Apple Iphone 14 Pro 5G,150GB,Unlimited,Unlimited,55,66.46,Three,627,https://www.three.co.uk/shop/phones,24 Months
1920,5919,1,visible,https://sparksimandphones.co.uk/wp-content/uploads/2023/03/14-pro-max-5g.jpg,Simple,Apple > Apple Iphone 14 Pro 5G,150GB,Unlimited,Unlimited,55,71.46,Three,627,https://www.three.co.uk/shop/phones,24 Months
1921,5920,1,visible,https://sparksimandphones.co.uk/wp-content/uploads/2023/03/14-pro-max-5g.jpg,Simple,Apple > Apple Iphone 14 Pro 5G,150GB,Unlimited,Unlimited,55,76.46,Three,627,https://www.three.co.uk/shop/phones,24 Months
1922,5921,1,visible,https://sparksimandphones.co.uk/wp-content/uploads/2023/03/14-pro-max-5g.jpg,Simple,Apple > Apple Iphone 14 Pro 5G,30GB,Unlimited,Unlimited,55,62.46,Three,627,https://www.three.co.uk/shop/phones,24 Months
1923,5922,1,visible,https://sparksimandphones.co.uk/wp-content/uploads/2023/03/14-pro-max-5g.jpg,Simple,Apple > Apple Iphone 14 Pro 5G,30GB,Unlimited,Unlimited,55,67.46,Three,627,https://www.three.co.uk/shop/phones,24 Months
1924,5923,1,visible,https://sparksimandphones.co.uk/wp-content/uploads/2023/03/14-pro-max-5g.jpg,Simple,Apple > Apple Iphone 14 Pro 5G,30GB,Unlimited,Unlimited,55,72.46,Three,627,https://www.three.co.uk/shop/phones,24 Months
1925,5924,1,visible,https://sparksimandphones.co.uk/wp-content/uploads/2023/03/14-pro-max-5g.jpg,Simple,Apple > Apple Iphone 14 Pro 5G,15GB,Unlimited,Unlimited,55,60.46,Three,627,https://www.three.co.uk/shop/phones,24 Months
1926,5925,1,visible,https://sparksimandphones.co.uk/wp-content/uploads/2023/03/14-pro-max-5g.jpg,Simple,Apple > Apple Iphone 14 Pro 5G,15GB,Unlimited,Unlimited,55,65.46,Three,627,https://www.three.co.uk/shop/phones,24 Months
1927,5926,1,visible,https://sparksimandphones.co.uk/wp-content/uploads/2023/03/14-pro-max-5g.jpg,Simple,Apple > Apple Iphone 14 Pro 5G,15GB,Unlimited,Unlimited,55,70.46,Three,627,https://www.three.co.uk/shop/phones,24 Months
1928,5927,1,visible,https://sparksimandphones.co.uk/wp-content/uploads/2023/03/14-pro-max-5g.jpg,Simple,Apple > Apple Iphone 14 Pro 5G,5GB,Unlimited,Unlimited,55,57.46,Three,627,https://www.three.co.uk/shop/phones,24 Months
1929,5928,1,visible,https://sparksimandphones.co.uk/wp-content/uploads/2023/03/14-pro-max-5g.jpg,Simple,Apple > Apple Iphone 14 Pro 5G,5GB,Unlimited,Unlimited,55,62.46,Three,627,https://www.three.co.uk/shop/phones,24 Months
1930,5929,1,visible,https://sparksimandphones.co.uk/wp-content/uploads/2023/03/14-pro-max-5g.jpg,Simple,Apple > Apple Iphone 14 Pro 5G,5GB,Unlimited,Unlimited,55,67.46,Three,627,https://www.three.co.uk/shop/phones,24 Months
1931,5930,1,visible,https://sparksimandphones.co.uk/wp-content/uploads/2023/03/14-pro-max-5g.jpg,Simple,Apple > Apple Iphone 14 Pro 5G,2GB,Unlimited,Unlimited,55,56.46,Three,627,https://www.three.co.uk/shop/phones,24 Months
1932,5931,1,visible,https://sparksimandphones.co.uk/wp-content/uploads/2023/03/14-pro-max-5g.jpg,Simple,Apple > Apple Iphone 14 Pro 5G,2GB,Unlimited,Unlimited,55,61.46,Three,627,https://www.three.co.uk/shop/phones,24 Months
1933,5932,1,visible,https://sparksimandphones.co.uk/wp-content/uploads/2023/03/14-pro-max-5g.jpg,Simple,Apple > Apple Iphone 14 Pro 5G,2GB,Unlimited,Unlimited,55,66.46,Three,627,https://www.three.co.uk/shop/phones,24 Months
1934,5933,1,visible,https://sparksimandphones.co.uk/wp-content/uploads/2023/03/14-pro-max-5g.jpg,Simple,Apple > Apple Iphone 14 Pro 5G,Unlimited,Unlimited,Unlimited,440,54.42,Three,627,https://www.three.co.uk/shop/phones,24 Months
1935,5934,1,visible,https://sparksimandphones.co.uk/wp-content/uploads/2023/03/14-pro-max-5g.jpg,Simple,Apple > Apple Iphone 14 Pro 5G,Unlimited,Unlimited,Unlimited,440,59.42,Three,627,https://www.three.co.uk/shop/phones,24 Months
1936,5935,1,visible,https://sparksimandphones.co.uk/wp-content/uploads/2023/03/14-pro-max-5g.jpg,Simple,Apple > Apple Iphone 14 Pro 5G,Unlimited,Unlimited,Unlimited,440,64.42,Three,627,https://www.three.co.uk/shop/phones,24 Months
1937,5936,1,visible,https://sparksimandphones.co.uk/wp-content/uploads/2023/03/14-pro-max-5g.jpg,Simple,Apple > Apple Iphone 14 Pro 5G,300GB,Unlimited,Unlimited,440,52.42,Three,627,https://www.three.co.uk/shop/phones,24 Months
1938,5937,1,visible,https://sparksimandphones.co.uk/wp-content/uploads/2023/03/14-pro-max-5g.jpg,Simple,Apple > Apple Iphone 14 Pro 5G,300GB,Unlimited,Unlimited,440,57.42,Three,627,https://www.three.co.uk/shop/phones,24 Months
1939,5938,1,visible,https://sparksimandphones.co.uk/wp-content/uploads/2023/03/14-pro-max-5g.jpg,Simple,Apple > Apple Iphone 14 Pro 5G,300GB,Unlimited,Unlimited,440,62.42,Three,627,https://www.three.co.uk/shop/phones,24 Months
1940,5939,1,visible,https://sparksimandphones.co.uk/wp-content/uploads/2023/03/14-pro-max-5g.jpg,Simple,Apple > Apple Iphone 14 Pro 5G,150GB,Unlimited,Unlimited,440,50.42,Three,627,https://www.three.co.uk/shop/phones,24 Months
1941,5940,1,visible,https://sparksimandphones.co.uk/wp-content/uploads/2023/03/14-pro-max-5g.jpg,Simple,Apple > Apple Iphone 14 Pro 5G,150GB,Unlimited,Unlimited,440,55.42,Three,627,https://www.three.co.uk/shop/phones,24 Months
1942,5941,1,visible,https://sparksimandphones.co.uk/wp-content/uploads/2023/03/14-pro-max-5g.jpg,Simple,Apple > Apple Iphone 14 Pro 5G,150GB,Unlimited,Unlimited,440,60.42,Three,627,https://www.three.co.uk/shop/phones,24 Months
1943,5942,1,visible,https://sparksimandphones.co.uk/wp-content/uploads/2023/03/14-pro-max-5g.jpg,Simple,Apple > Apple Iphone 14 Pro 5G,30GB,Unlimited,Unlimited,440,46.42,Three,627,https://www.three.co.uk/shop/phones,24 Months
1944,5943,1,visible,https://sparksimandphones.co.uk/wp-content/uploads/2023/03/14-pro-max-5g.jpg,Simple,Apple > Apple Iphone 14 Pro 5G,30GB,Unlimited,Unlimited,440,51.42,Three,627,https://www.three.co.uk/shop/phones,24 Months
1945,5944,1,visible,https://sparksimandphones.co.uk/wp-content/uploads/2023/03/14-pro-max-5g.jpg,Simple,Apple > Apple Iphone 14 Pro 5G,30GB,Unlimited,Unlimited,440,56.42,Three,627,https://www.three.co.uk/shop/phones,24 Months
1946,5945,1,visible,https://sparksimandphones.co.uk/wp-content/uploads/2023/03/14-pro-max-5g.jpg,Simple,Apple > Apple Iphone 14 Pro 5G,15GB,Unlimited,Unlimited,440,44.42,Three,627,https://www.three.co.uk/shop/phones,24 Months
1947,5946,1,visible,https://sparksimandphones.co.uk/wp-content/uploads/2023/03/14-pro-max-5g.jpg,Simple,Apple > Apple Iphone 14 Pro 5G,15GB,Unlimited,Unlimited,440,49.42,Three,627,https://www.three.co.uk/shop/phones,24 Months
1948,5947,1,visible,https://sparksimandphones.co.uk/wp-content/uploads/2023/03/14-pro-max-5g.jpg,Simple,Apple > Apple Iphone 14 Pro 5G,15GB,Unlimited,Unlimited,440,54.42,Three,627,https://www.three.co.uk/shop/phones,24 Months
1949,5948,1,visible,https://sparksimandphones.co.uk/wp-content/uploads/2023/03/14-pro-max-5g.jpg,Simple,Apple > Apple Iphone 14 Pro 5G,5GB,Unlimited,Unlimited,440,41.42,Three,627,https://www.three.co.uk/shop/phones,24 Months
1950,5949,1,visible,https://sparksimandphones.co.uk/wp-content/uploads/2023/03/14-pro-max-5g.jpg,Simple,Apple > Apple Iphone 14 Pro 5G,5GB,Unlimited,Unlimited,440,46.42,Three,627,https://www.three.co.uk/shop/phones,24 Months
1951,5950,1,visible,https://sparksimandphones.co.uk/wp-content/uploads/2023/03/14-pro-max-5g.jpg,Simple,Apple > Apple Iphone 14 Pro 5G,5GB,Unlimited,Unlimited,440,51.42,Three,627,https://www.three.co.uk/shop/phones,24 Months
1952,5951,1,visible,https://sparksimandphones.co.uk/wp-content/uploads/2023/03/14-pro-max-5g.jpg,Simple,Apple > Apple Iphone 14 Pro 5G,2GB,Unlimited,Unlimited,440,40.42,Three,627,https://www.three.co.uk/shop/phones,24 Months
1953,5952,1,visible,https://sparksimandphones.co.uk/wp-content/uploads/2023/03/14-pro-max-5g.jpg,Simple,Apple > Apple Iphone 14 Pro 5G,2GB,Unlimited,Unlimited,440,45.42,Three,627,https://www.three.co.uk/shop/phones,24 Months
1954,5953,1,visible,https://sparksimandphones.co.uk/wp-content/uploads/2023/03/14-pro-max-5g.jpg,Simple,Apple > Apple Iphone 14 Pro 5G,2GB,Unlimited,Unlimited,440,50.42,Three,627,https://www.three.co.uk/shop/phones,24 Months